-- An export of somda_blokken, somda_forum_cats, somda_forum_forums, somda_groups, somda_help, somda_help_text,
-- somda_jargon, somda_karakteristiek, somda_positie, somda_prefs, somda_rechten, somda_rijdagen,
-- somda_snb_spoor_nieuws_bron, somda_snf_spoor_nieuws_bron_feed, somda_verk, somda_verk_cats and somda_vervoerder

--
-- Gegevens worden geëxporteerd voor tabel `somda_blokken`
--

INSERT INTO `somda_blokken` (`blokid`, `name`, `route`, `menu_volgorde`, `do_separator`, `role`, `parent_block`) VALUES
(4, 'Inloggen op Somda', 'login', 10, 0, 'IS_AUTHENTICATED_ANONYMOUSLY', 87),
(5, 'Mijn profiel', 'profile', 80, 0, 'ROLE_USER', 87),
(6, 'Verkortingen', 'location', 10, 0, 'ROLE_ABBREVIATIONS', 81),
(7, 'Treinnummerlijst', 'manage_route_lists', 10, 0, 'ROLE_ADMIN_ROUTE_NUMBER_LIST', 90),
(8, 'Overzicht treinnummers', 'route_overview', 30, 0, 'ROLE_USER', 82),
(9, 'Dienstregeling van een trein', 'train_table', 20, 0, NULL, 82),
(12, 'Doorkomststaat', 'passing_routes', 50, 0, 'ROLE_PASSING_ROUTES', 82),
(14, 'Materieelsamenstellingen', 'train_compositions', 10, 0, NULL, 84),
(15, 'Spoorjargon', 'jargon', 30, 0, 'ROLE_USER', 81),
(16, 'Adverteren op Somda', 'advertise', 30, 0, NULL, 88),
(17, 'Spots invoeren', 'spot_input', 30, 0, 'ROLE_SPOTS_NEW', 83),
(19, 'Help', 'help', 40, 0, NULL, 88),
(20, 'Somda nieuws', 'news', 20, 0, NULL, 80),
(21, 'Bijzondere ritten', 'special_routes', 10, 0, NULL, 82),
(22, 'Recente spots', 'spots', 10, 0, 'ROLE_SPOTS_RECENT', 83),
(23, 'Feedback', 'contact', 110, 0, NULL, 88),
(24, 'Wachtwoord wijzigen', 'change_password', 50, 0, 'ROLE_USER', 87),
(25, 'Wachtwoord vergeten', 'lost_password', 60, 0, NULL, 87),
(27, 'Registreren bij Somda', 'register', 20, 0, 'IS_AUTHENTICATED_ANONYMOUSLY', 87),
(30, 'Gebruikers beheer', 'manage_user', 20, 0, 'ROLE_ADMIN_USERS', 90),
(32, 'Somda nieuws', 'manage_news', 50, 0, 'ROLE_ADMIN_NEWS', 90),
(33, 'DRGLs beheer', 'manage_special_routes', 60, 0, 'ROLE_ADMIN_SPECIAL_ROUTES', 90),
(35, 'Gebruikers-instellingen', 'settings', 70, 0, 'ROLE_USER', 87),
(36, 'Regels van het forum', '', 10, 0, 'ROLE_USER', 85),
(38, 'Mijn spots', 'my_spots', 40, 0, 'ROLE_SPOTS_EDIT', 83),
(39, 'UIC Berekenen', 'uic', 20, 0, 'ROLE_USER', 81),
(40, 'Forum overzicht', 'forum', 20, 0, NULL, 85),
(41, 'Spotpunten', 'pois', 50, 0, NULL, 83),
(42, 'Banners', 'manage_banners', 135, 0, 'ROLE_ADMIN_BANNERS', 90),
(44, 'Reisplanner', '', 60, 0, 'ROLE_USER', 82),
(45, 'Dienstregelingen beheren', 'manage_train_tables', 100, 0, 'ROLE_ADMIN_TRAINTABLE_EDIT', 90),
(47, 'Ongelezen berichten', 'forum_unread', 30, 0, 'ROLE_USER', 85),
(48, 'DD-AR locs', 'ddar_trains', 40, 0, 'ROLE_TRAIN_DDAR', 84),
(49, 'Beheer spotpunten', 'manage_pois', 130, 0, 'ROLE_ADMIN_POI', 90),
(53, 'Disclaimer en cookies', 'disclaimer', 130, 0, NULL, 88),
(54, 'Afmelden bij Somda', 'logout', 40, 0, 'ROLE_USER', 87),
(55, 'Statistieken', 'statistics', 20, 0, NULL, 88),
(56, 'Spoornieuws', 'rail_news', 10, 0, NULL, 80),
(57, 'Over Somda', 'about', 10, 0, NULL, 88),
(58, 'Materieelnamen', 'materieelnamen', 30, 0, 'ROLE_TRAIN_NAMES', 84),
(59, 'Favoriete discussies', 'forum_favorites', 40, 0, 'ROLE_USER', 85),
(60, 'RSS feeds en images', 'feeds', 100, 0, NULL, 88),
(62, 'Materieel namen', '', 70, 0, 'ROLE_ADMIN_TRAIN_NAMES', 90),
(64, 'Zoeken in het forum', 'forum_search', 50, 0, 'ROLE_USER', 85),
(65, 'Mijn spots', '', 90, 0, 'ROLE_USER', 87),
(66, 'Spoornieuws', 'manage_rail_news', 55, 0, 'ROLE_ADMIN_RAIL_NEWS', 90),
(67, 'Bans', 'manage_bans', 25, 0, 'ROLE_ADMIN_BANS', 90),
(69, 'Grafische dienstregeling', '', 40, 0, NULL, 82),
(70, 'Alle gemelde berichten', 'forum_discussion_post_alerts_overview', 60, 0, 'ROLE_ADMIN', 85),
(80, 'Nieuws', '', 10, 0, NULL, NULL),
(81, 'Informatie', '', 20, 0, NULL, NULL),
(82, 'Dienstregeling', '', 30, 0, NULL, NULL),
(83, 'Spots', '', 40, 0, NULL, NULL),
(84, 'Materieel', '', 50, 0, NULL, NULL),
(85, 'Forum', '', 60, 0, NULL, NULL),
(87, 'Mijn Somda', '', 70, 0, NULL, NULL),
(88, 'Somda', '', 80, 0, NULL, NULL),
(90, 'Beheer', '', 100, 0, NULL, NULL),
(95, 'Beheer DD-ar locs', 'manage_ddar_trains', 0, 0, 'ROLE_ADMIN_TRAIN_DDAR', NULL),
(98, 'Beheer mat-samenstellingen', 'manage_train_compositions', 0, 0, 'ROLE_ADMIN_TRAIN_COMPOSITIONS', NULL);

--
-- Gegevens worden geëxporteerd voor tabel `somda_forum_cats`
--

INSERT INTO `somda_forum_cats` (`catid`, `name`, `volgorde`) VALUES
(1, 'Algemeen', 1),
(2, 'Dienstregelingen en omlopen', 3),
(3, 'Opvallende dingen', 4),
(4, 'Bugs en wensen', 5),
(5, 'Archief', 6),
(6, 'Spotten', 2);

--
-- Gegevens worden geëxporteerd voor tabel `somda_forum_forums`
--

INSERT INTO `somda_forum_forums` (`forumid`, `catid`, `name`, `description`, `volgorde`, `type`) VALUES
(2, 4, 'Bugs', 'Meld hier fouten in de Somda website of mobiele versie', 10, 1),
(5, 4, 'Wensen', 'Maak hier je wensen voor Somda kenbaar', 30, 1),
(6, 2, 'Omlopen algemeen', 'Algemene discussie over de omlopen', 10, 0),
(8, 1, 'Ditjes & Datjes', 'Lekker klessebessen', 40, 1),
(10, 1, 'Algemeen', 'Algemene discussies', 10, 0),
(11, 2, 'Bijzondere ritten (DRGLs)', 'Vragen en opmerkingen over dienstregelingen', 30, 0),
(12, 6, 'Spots-invoer', 'Vragen en opmerkingen over spots-invoer', 10, 1),
(15, 5, 'Verwijderde discussies', 'Nooit discussies direct verwijderen, maar hierheen verplaatsen. Niet zichtbaar voor gebruikers.', 30, 3),
(19, 3, 'Opvallende dingen 2006', 'Kleine dingen die je opvielen op het spoor', 130, 4),
(20, 5, 'Wensen archief', 'Gerealiseerde wensen', 20, 4),
(24, 1, 'Reisplanningen en -verhalen', 'Plaats hier je voorgenomen reis of doe verslag van je treinreis', 30, 1),
(27, 4, 'Bekende bugs', 'Bugs die niet opgelost zullen worden', 30, 4),
(29, 3, 'Opvallende dingen 2007', 'Kleine dingen die je opvielen op het spoor', 120, 4),
(31, 5, 'Bugs archief', 'Archief van bugs-discussies', 10, 4),
(32, 4, 'Wensen parkeerplaats', 'Wensen die momenteel niet realiseerbaar zijn', 50, 1),
(34, 3, 'Opvallende dingen 2008', 'Kleine dingen die je opvielen op het spoor', 110, 4),
(35, 2, 'Omlopen constructies', 'Pogingen van Somda-gebruikers om omlopen te vinden', 20, 1),
(36, 2, 'Werkzaamheden', 'Vragen en opmerkingen over werkzaamheden', 40, 0),
(38, 3, 'Opvallende dingen 2009', 'Kleine dingen die je opvielen op het spoor', 100, 4),
(40, 2, 'Dienstregeling invoeren', 'Bespreken van wijzigingen in dienstregelingen en het invoeren in Somda', 50, 1),
(41, 3, 'Opvallende dingen 2010', 'Kleine dingen die je opvielen op het spoor', 90, 4),
(43, 1, 'Buitenlands spoor', 'Alles over spoorwegen in het buitenland', 20, 0),
(45, 3, 'Opvallende dingen 2011', 'Kleine dingen die je opvielen op het spoor', 80, 4),
(48, 3, 'Opvallende dingen 2012', 'Kleine dingen die je opvielen op het spoor', 70, 4),
(49, 4, 'Aanvullingen & verbeteringen', 'Diverse topics om aanvullingen en verbeteringen door te geven, bijvoorbeeld in de verkortingen', 40, 1),
(51, 3, 'Opvallende dingen 2013', 'Kleine dingen die je opvielen op het spoor', 60, 4),
(52, 3, 'Opvallende dingen 2014', 'Kleine dingen die je opvielen op het spoor', 50, 4),
(54, 1, 'Materieel en maatschappij ontwikkelingen', 'Materieel en maatschappij ontwikkelingen', 15, 0),
(55, 3, 'Opvallende dingen 2015', 'Kleine dingen die je opvielen op het spoor', 40, 4),
(57, 3, 'Opvallende dingen 2016', 'Kleine dingen die je opvielen op het spoor', 30, 4),
(59, 3, 'Opvallende dingen 2017', 'Kleine dingen die je opvielen op het spoor', 20, 4),
(61, 3, 'Opvallende dingen 2018', 'Kleine dingen die je opvielen op het spoor', 10, 4),
(63, 3, 'Opvallende dingen 2019', 'Kleine dingen die je opvielen op het spoor', 5, 0),
(64, 6, 'Foute spots', 'Bespreek hier de (mogelijk) foutieve spots', 20, 1),
(65, 3, 'Opvallende dingen 2020', 'Kleine dingen die je opvielen op het spoor', 2, 0);

--
-- Gegevens worden geëxporteerd voor tabel `somda_groups`
--

INSERT INTO `somda_groups` (`groupid`, `name`, `roles`) VALUES
(1, 'Administrators', 'a:1:{i:0;s:16:\"ROLE_SUPER_ADMIN\";}'),
(2, 'API gebruiker', 'a:1:{i:0;s:13:\"ROLE_API_USER\";}'),
(3, 'Geen spotinvoer', 'a:6:{i:0;s:18:\"ROLE_ABBREVIATIONS\";i:1;s:19:\"ROLE_PASSING_ROUTES\";i:2;s:17:\"ROLE_SPOTS_RECENT\";i:3;s:15:\"ROLE_TRAIN_DDAR\";i:4;s:19:\"ROLE_ROUTE_OVERVIEW\";i:5;s:16:\"ROLE_TRAIN_NAMES\";}'),
(4, 'Gebruikers', 'a:8:{i:0;s:18:\"ROLE_ABBREVIATIONS\";i:1;s:19:\"ROLE_PASSING_ROUTES\";i:2;s:14:\"ROLE_SPOTS_NEW\";i:3;s:17:\"ROLE_SPOTS_RECENT\";i:4;s:15:\"ROLE_SPOTS_EDIT\";i:5;s:15:\"ROLE_TRAIN_DDAR\";i:6;s:19:\"ROLE_ROUTE_OVERVIEW\";i:7;s:16:\"ROLE_TRAIN_NAMES\";}'),
(6, 'Spot beheer', 'a:1:{i:0;s:16:\"ROLE_ADMIN_SPOTS\";}'),
(7, 'Beheerders', 'a:8:{i:0;s:10:\"ROLE_ADMIN\";i:1;s:15:\"ROLE_ADMIN_NEWS\";i:2;s:25:\"ROLE_ADMIN_SPECIAL_ROUTES\";i:3;s:30:\"ROLE_ADMIN_TRAINTABLE_ACTIVATE\";i:4;s:22:\"ROLE_ADMIN_TRAIN_NAMES\";i:5;s:15:\"ROLE_ADMIN_BANS\";i:6;s:21:\"ROLE_ADMIN_TRAIN_DDAR\";i:7;s:29:\"ROLE_ADMIN_TRAIN_COMPOSITIONS\";}'),
(9, 'TDR beheer', 'a:2:{i:0;s:28:\"ROLE_ADMIN_ROUTE_NUMBER_LIST\";i:1;s:26:\"ROLE_ADMIN_TRAINTABLE_EDIT\";}'),
(11, 'Banner beheer', 'a:1:{i:0;s:18:\"ROLE_ADMIN_BANNERS\";}'),
(12, 'Banner admin', 'a:1:{i:0;s:18:\"ROLE_ADMIN_BANNERS\";}'),
(13, 'Spotpunten-beh.', 'a:1:{i:0;s:14:\"ROLE_ADMIN_POI\";}'),
(18, 'Spoornieuwsbeh.', 'a:1:{i:0;s:20:\"ROLE_ADMIN_RAIL_NEWS\";}'),
(19, 'DRGL beheer', 'a:1:{i:0;s:25:\"ROLE_ADMIN_SPECIAL_ROUTES\";}'),
(20, 'Wiki beheer', 'a:1:{i:0;s:15:\"ROLE_ADMIN_WIKI\";}'),
(21, 'Nieuwsbeheer', 'a:1:{i:0;s:15:\"ROLE_ADMIN_NEWS\";}'),
(23, 'MatSMS beheer', 'a:1:{i:0;s:29:\"ROLE_ADMIN_TRAIN_COMPOSITIONS\";}');

--
-- Gegevens worden geëxporteerd voor tabel `somda_help`
--

INSERT INTO `somda_help` (`contentid`, `titel`, `template`) VALUES
(1, 'Introductie', 'introduction'),
(10, 'Beveiliging', 'security'),
(400, 'Aanmelden bij Somda', 'login'),
(600, 'Verkortingen', 'locations'),
(1200, 'Doorkomststaat', 'passingRoutes'),
(1400, 'Materieelsamenstellingen', 'trainCompositions'),
(1700, 'Spots invoeren', 'spotInput'),
(2000, 'Nieuws archief', 'news'),
(2100, 'DRGL archief', 'specialRoutes'),
(2200, 'Recente spots', 'spots'),
(3500, 'Gebruikers-instellingen', 'settings'),
(3800, 'Mijn spots', 'mySpots'),
(3900, 'UIC Berekenen', 'uic'),
(4000, 'Somda forum', 'forum'),
(5500, 'Statistieken', 'statistics'),
(100000, 'Voor het eerst op Somda?', 'firstTime'),
(110000, 'Frequently Asked Questions', 'faq');

--
-- Gegevens worden geëxporteerd voor tabel `somda_help_text`
--

INSERT INTO `somda_help_text` (`blokid`, `text`, `google_channel`, `ad_code`) VALUES
(6, 'Hier kan je zoeken naar verkortingen, dat zijn korte notaties (maximaal 6 karakters) van <b>stations</b> en andere punten die worden gebruikt in <b>dienstregelingen</b>.<br />Je zal deze verkortingen ook op Somda tegenkomen, maar je kan dan altijd de volledige naam bekijken van de verkorting door met je muiscursor op de verkorting te gaan staan.', '0245051099', ''),
(9, 'De dienstregeling van een trein geeft een overzicht van plaatsen (<b>stations</b>) waar een trein stopt of halteert.<br />Het verschil tussen een stop en een haltering in een dienstregeling is dat een haltering binnen een minuut plaatsvindt en een stop vaak enkele minuten duurt.<br />Voor het opvragen van een dienstregeling heb je een <b>treinnummer</b> nodig. Treinnummers staan voor reizigerstreinen vermeld bij de dienstregelingen in het <b>spoorboekje</b>.<br />Ook kan je treinnummers vinden in de <a href=\"/doorkomststaat/\">doorkomststaat</a>.', '7610113556', ''),
(12, 'Met een doorkomststaat krijg je een overzicht van alle halterende treinen op een station of een bepaalde locatie.<br />De doorkomststaat meldt van elke trein het <b>treinnummer</b>, de tijden, het type trein (vervoerder en karakteristiek, bijvoorbeeld  NSR Stoptrein), het vertrekstation en de eindbestemming.<br />Met behulp van het treinnummer uit de doorkomststaat kan je de volledige <a href=\"/dienstregeling/\"><b>dienstregeling</b></a> van elke trein opvragen.<br />De doorkomststaat kan tevens als PDF-document worden opgeslagen voor gebruik tijdens het spotten.', '9992425794', ''),
(14, 'Bij materieelsamenstellingen krijg je een overzicht hoe bepaald reizigersmaterieel is samengesteld.<br />Voor <b>treinstellen</b> wordt bij materieelsamenstellingen weergegeven uit welke baknummers het treinstel bestaat.<br />Voor <b>stammen</b> van rijtuigen wordt bij materieelsamenstellingen de samenstelling door middel van afzonderlijke rijtuig-nummers weergegeven.<br />Als je zelf een andere materieelsamenstelling hebt gespot, dan kun je een voorstel indienen voor de wijziging van een materieelsamenstelling.', '6098900999', ''),
(17, 'Door het invoeren van spots (een spot is een melding van een trein die je gezien hebt) help je mee aan het actueel houden van Somda.<br />Door spots in te voeren kunnen andere gebruikers zien waar bepaalde treinen zich bevinden.<br />Om een spot in te kunnen voeren heb je het <b>materieelnummer</b> en het <b>treinnummer</b> nodig.<br />Het materieelnummer is bij loks en bij reizigersmaterieel vaak op de zijkant te vinden en bestaat doorgaans uit 4 cijfers.<br />Het treinnummer is het nummer waaronder de trein rijdt, voor reizigerstreinen staan deze vermeld in het <b>spoorboekje</b> of op NS.nl (muis even stilhouden op de treinsoort, nummer verschijnt als muistip).<br />De treinnummers kan je ook vinden in de <a href=\"/doorkomststaat/\">doorkomststaat</a>.', '', ''),
(22, 'Bij recente spots krijg je een overzicht van materieel dat door gebruikers van Somda is gespot.<br />Je kan in de spots zoeken op <b>materieelnummer</b>, <b>treinnummer</b> of datum.<br />In het overzicht van spots krijg je te zien welk materieel is gespot (het materieelnummer), in welke trein het materieel is gespot (het treinnummer), de eventuele extra informatie, de naam van de gebruiker die het materieel heeft gespot en de locatie waar het materieel is gespot. Door in de lijst van spots op het treinnummer te klikken krijg je de <a href=\"/dienstregeling/\">dienstregeling</a> van dat treinnummer te zien.', '2329072987', ''),
(39, 'Hier is het mogelijk een ontbrekend cijfer van een UIC nummer te berekenen.<br />Een UIC nummer is een nummer zoals gebruikt op <b>rijtuigen</b> en bij een aantal <b>locs</b> (o.a. 204, 232).<br />Het ontbrekende cijfer uit het UIC nummer wordt direct getoond.', '6586249610', ''),
(41, 'Hier vind je een overzicht van spotpunten, locaties waar je goed kunt spotten en fotograferen.<br />Er wordt door middel van onder andere GoogleMaps exact aangegeven waar het spotpunt zich bevindt.<br />Verder kan je direct een <a href=\"/doorkomststaat/\">doorkomststaat</a> opvragen voor die locatie.<br />Ook wordt de route per auto of openbaar vervoer naar het spotpunt weergegeven.', '6327110367', ''),
(48, 'Hier krijg je een overzicht van de spots van de 1700-locs die aan een DDAR-<b>stam</b> zitten.<br />Omdat van de DDAR-stammen alleen het stamnummer ingevoerd wordt zijn deze locs niet op te vragen via <a href=\"/spots/\">recente spots</a>.<br />In het DDAR overzicht kan je zien in welke periode de <b>loc</b> aan welke stam zat.', '8195537679', '');

--
-- Gegevens worden geëxporteerd voor tabel `somda_jargon`
--

INSERT INTO `somda_jargon` (`jargonid`, `term`, `image`, `description`) VALUES
(1, 'AHOB', '', 'Automatische Halve OverwegBomen'),
(2, 'AHS', '', 'ArbeidsHygienische Strategie'),
(3, 'AI', '', 'ArbeidsInspectie'),
(4, 'AKI', '', 'Automatische KnipperlichtInstallatie'),
(5, 'AKI', '', 'Aanbestedingszaken, Kostenmanagement en Inkoop (RIB)'),
(6, 'AOB', '', 'Automatische OverpadBomen'),
(7, 'ATB', '', 'Aanvraag Tijdelijke snelheidsBeperking'),
(8, 'ATB', '', 'Automatische Trein Beïnvloeding'),
(9, 'AW', '', 'Afbakening Werkplek'),
(10, 'BD', '', 'BuitenDienststelling'),
(11, 'BDSMC', '', 'BedieningsDeskundige Schakel- en MeldCentrum'),
(12, 'BI', '', 'Beheer & Instandhouding'),
(13, 'BIC', '', 'Beheer & Instandhouding Centraal'),
(14, 'BMVP', '', 'Bouw Milieu Veiligheids Plan'),
(15, 'BP', '', 'Bevoegd Persoon'),
(16, 'BP', '', 'Best Practices'),
(17, 'BR', '', 'Branche Richtlijn'),
(18, 'BS', '', 'Bovenkant Spoorstaaf'),
(19, 'BT', '', 'Beheerste Toelating'),
(20, 'BVS', '', 'BedieningsVoorSchrift'),
(21, 'CMK', '', 'Centrale MeldKamer'),
(22, 'COR', '', 'Centrale Ondernemings Raad'),
(23, 'CTA', '', 'Centrale Trein Aanwijzer'),
(24, 'CTB', '', 'Centraal Telecom Blokstelsel'),
(25, 'CVL', '', 'Centrale VerkeersLeiding'),
(26, '(C)VWB', '', 'Coördinerend Voorbereider WerkplekBeveiliging'),
(27, 'DS', '', 'DubbelSporige buitendienststelling'),
(28, 'EBS', '', 'Elektronische Beveiliging Simis'),
(29, 'ES', '', 'EnkelSporige buitendienststelling'),
(30, 'ES las', '', 'Elektrische Scheidings las'),
(31, 'EV', '', 'Energie Voorziening'),
(32, 'EVB\'s', '', 'Eenheden Van Bedrijfshinder'),
(33, 'FA', '', 'Fysieke Afscherming'),
(34, 'FMECA', '', 'Failure Mode and Effect Critical Analyze'),
(35, 'FWA', '', 'Fysieke Werkplek Afscheiding'),
(36, 'G & I', '', 'Geodesie en Infradata'),
(37, 'GW', '', 'Gegarandeerde Waarschuwing'),
(38, 'HAZARD', '', 'Gevaar'),
(39, 'HAZID', '', 'HAZard IDentificating study'),
(40, 'HAZOP', '', 'HAZard OPeration and operability study'),
(41, 'IVW', '', 'Inspectie Verkeer en Waterstaat'),
(42, 'KIV', '', 'Klachten Informatie en Vergunningen'),
(43, 'LAE-Bord', '', 'Langzaam, Aaanvang, Einde - bord'),
(44, 'LCD', '', 'Landelijke Coördinatie Dienstregelingen'),
(45, 'LLV', '', 'Leider Locatie Veiligheid'),
(46, 'LRI', '', 'Locale Risico-Inventarisatie'),
(47, 'LWB', '', 'Leider Werkplek Beveiliging'),
(48, 'LWB PW', '', 'Leider Werkplek Beveiliging Persoonlijke Waarneming'),
(49, 'mini AWA', '', 'mini Automatische WaarschuwingsApparatuur'),
(50, 'MJB', '', 'Milieu Juridisch Beheer'),
(51, 'MOM', '', 'Manager Operationeel Management'),
(52, 'MOV', '', 'Manager Onderhoud en Vernieuwing'),
(53, 'NEN', '', 'NEderlands Normalisatie-Instituut'),
(54, 'NKVWR (oud)', '', 'Nieuw Kader Veilig Werken aan de Railinfra'),
(55, 'NVW', '', 'Normenkader Veilig Werken'),
(56, 'NX', '', 'ENtrance - Exit'),
(57, 'OBE', '', 'Overzicht Baan en Emplacementen'),
(58, 'OS', '', 'Overzicht Seinbeelden of OnderStation'),
(59, 'PDO-V', '', 'ProDuktie Overleg - Veiligheid'),
(60, 'PCA', '', 'ProCes Aannemer'),
(61, 'PKP', '', 'Project Kwaliteits Plan'),
(62, 'PL', '', 'PloegLeider'),
(63, 'PMD', '', 'Project Leider Multidisciplinair'),
(64, 'PSO', '', 'Paragraaf Spoorwegveiligheid Ontwerpfase'),
(65, 'PSU', '', 'Paragraaf Spoorwegveiligheid Uitvoeringsfase'),
(66, 'PVA', '', 'Plan Van Aanpak'),
(67, 'PVR', '', 'Profiel van Vrije Ruimte'),
(68, 'PVUW (oud)', '', 'Persoonlijke Veiligheid bij Uitvoering van Werken'),
(69, 'PW', '', 'Persoonlijke Waarneming'),
(70, 'RAMS', '', 'Reliability Availability Maintainability Safety'),
(71, 'RAMSHE', '', 'Reliability Availability Maintainability System and installation safety, people safety Health and Environment'),
(72, 'RCD', '', 'Regionale Coördinatie Dienstregelingen'),
(73, 'RI & E', '', 'Risicio Inventarisatie & Evaluatie'),
(74, 'RIB', '', 'Rail Infra Beheer'),
(75, 'RIMINI', '', 'RIsk MINImising standard'),
(76, 'RMT\'s', '', 'Regionale Management Teams'),
(77, 'RnV', '', 'Railned SpoorwegVeiligheid'),
(78, 'ROZ', '', 'Rijden Op Zicht'),
(79, 'RRV', '', 'Reglement RailVerkeer'),
(80, 'RSL', '', 'Rail Safety Level'),
(81, 'RTIv', '', 'Regionale Tijdelijke Infra onttrekking'),
(82, 'RVL', '', 'Rail Verkeersleiding Leiding'),
(83, 'RVW (oud)', '', 'Reglement Veilig Werken'),
(84, 'SAS', '', 'Stichting Arbeidsomstandigheden en Spoorwegveiligheid'),
(85, 'S & I', '', 'Strategie & Innovatie'),
(86, 'SHE', '', 'Safety Health and Environment'),
(87, 'SIS', '', 'Stoot Indicatie Sein'),
(88, 'SMART', '', 'Specifiek Meetbaar Acceptabel Realistisch Tijdgebonden'),
(89, 'SMC', '', 'Schakel- en Meld Centrum'),
(90, 'STAVAZA', '', 'STAnd VAn ZAken'),
(91, 'SW', '', 'Seinwezen'),
(92, 'TABV', '', 'Tijdelijke Aanschrijving BedienVoorschrift'),
(93, 'TAO', '', 'TreindienstAantastende Onregelmatigheid'),
(94, 'TAWA', '', 'Tijdelijke Automatische WaarschuwingsApparatuur'),
(95, 'TEB', '', 'Technisch Economisch Beheer'),
(96, 'TPRB', '', 'Ter Plaatse bediende Relais Beveiliging'),
(97, 'Trdl', '', 'TReinDienstLeider'),
(98, 'TSB', '', 'Tijdelijke SnelheidsBeperking'),
(99, 'TVP', '', 'TreinVrije Periode'),
(100, 'TVS', '', 'Technische Voorschriften'),
(101, 'V & G', '', 'Veiligheid en Gezondheid'),
(102, 'VCA', '', 'VeiligheidsChecklist Aannemers'),
(103, 'VD', '', 'Verantwoordelijke Deskundige'),
(104, 'VGB', '', 'Verklaring Geen Bezwaar'),
(105, 'VHM', '', 'VeiligHeidsMan'),
(106, 'VIS', '', 'Veiligheids Informatie Systeem'),
(107, 'VL', '', 'VerkeersLeiding'),
(108, 'VL-post', '', 'VerkeersLeidingspost'),
(109, 'VOB', '', 'Vertragings Opvang Buffer'),
(110, 'VOP', '', 'Voldoende Onderricht Persoon'),
(111, 'VVW', '', 'Voorschrift Veilig Werken'),
(112, 'VWB O-taak', '', 'Voorbereider Werkplek Beveiliging Ontwerpende taak'),
(113, 'VWB PW', '', 'Voorbereider Werkplek Beveiliging Persoonlijke Waarneming'),
(114, 'VWB U-taak', '', 'Voorbereider Werkplek Beveiliging Uitvoerende taak'),
(115, 'VWB V-taak', '', 'Voorbereider Werkplek Beveiliging Voorbereidende taak'),
(116, 'VWI', '', 'Veilig Werken aan de Infra'),
(117, 'VWS', '', 'Veiligheidsvoorschrift voor Werkzaamheden aan of werkzaamheden en inspecties in de nabijheid van de Ev-HoogSpanningsinstallaties'),
(118, 'VWSp', '', 'Veiligheidsvoorschrift voor Werkzaamheden en inspecties aan of in de onmiddelijke nabijheid van onder SPanning staande bovenleiding'),
(119, 'WA', '', 'Werken Administratie'),
(120, 'WBI GW/PW', '', 'Werkplek Beveiligings Instructie voor werkplekbeveiligingsklassen Gegarandeerde Waarschuwing of Persoonlijke Waarneming'),
(121, 'WBI', '', 'Werkplek Beveiligings Instructie voor werkplekbeveiligingsklassen Buiten Dienststelling of Beheerste Toelating'),
(122, 'WECO', '', 'WerkContract'),
(123, 'WED', '', 'Wet op de Economische Delicten'),
(124, 'WIBR', '', 'Waarschuwings Installatie bij BRuggen'),
(125, 'WIDO', '', 'Waarschuwings Installatie bij DienstOverpad'),
(126, 'WIT', '', 'WaarschuwingsInstallatie in Tunnels'),
(127, 'WTB', '', 'WerkTreinBegeleider'),
(128, 'WTI', '', 'WerkTreinInstructie'),
(129, 'WUBO', '', 'Waarschuwingsinstallatie bij Uitzicht Belemmerende Objecten'),
(130, 'XVHM', '', 'EXtra VeiligHeidsMan'),
(131, 'ZKL', '', 'Zelfsignalerende en afsluitbare KortsluitLans'),
(132, 'HSL', '', 'Hogesnelheidslijn'),
(133, 'NABO', '', 'Niet Actief Beveiligde Overweg'),
(134, 'ARI', '', 'Automatische rijweginstelling'),
(135, 'IC', '', 'InterCity'),
(136, 'ILT', '', 'Inspectie Leefomgeving en Transport'),
(137, 'OEK', '', 'Op eigen kracht'),
(138, 'NOEK', '', 'Niet op eigen kracht');

--
-- Gegevens worden geëxporteerd voor tabel `somda_karakteristiek`
--

INSERT INTO `somda_karakteristiek` (`karakteristiek_id`, `naam`, `omschrijving`) VALUES
(1, 'INT', 'Internationaal'),
(2, 'ICE', 'ICE'),
(3, 'IC', 'Intercity'),
(4, 'S', 'Sneltrein'),
(5, 'ST', 'Stoptrein'),
(6, 'SPR', 'Sprinter'),
(9, 'LM', 'Ledig materieel'),
(10, 'STM', 'Stoomtrein'),
(11, 'GO', 'Cargo'),
(12, 'LL', 'Losse loc'),
(13, 'UST', 'Ultrasoontrein'),
(14, 'OHM', 'Onderhoudsmaterieel'),
(15, 'WTR', 'Werktrein'),
(16, 'EUC', 'EuroCargo'),
(17, 'LLR', 'Losse loc reizigers'),
(18, 'THA', 'Thalys'),
(19, 'TR', 'Tram'),
(20, 'MP', 'Motorpost'),
(21, 'UFM', 'Universeel meetrijtuig'),
(22, 'VST', 'Videoschouwtrein'),
(23, '', 'Onbekend'),
(24, 'HSN', 'Hogesnelheidstrein');

--
-- Gegevens worden geëxporteerd voor tabel `somda_positie`
--

INSERT INTO `somda_positie` (`posid`, `positie`) VALUES
(1, ''),
(10, 'V'),
(20, 'M'),
(25, '1'),
(30, '2'),
(40, '3'),
(50, '4'),
(53, '5'),
(57, '6'),
(58, '7'),
(59, '8'),
(60, '9'),
(61, '10'),
(62, '11'),
(63, '12'),
(64, '13'),
(65, '14'),
(66, '15'),
(67, '16'),
(68, '17'),
(69, '18'),
(70, '19'),
(71, '20'),
(80, 'A'),
(85, 'L');

--
-- Gegevens worden geëxporteerd voor tabel `somda_prefs`
--

INSERT INTO `somda_prefs` (`prefid`, `sleutel`, `type`, `description`, `default_value`, `volgorde`) VALUES
(1, 'max_news', 'number|30', 'Maximaal aantal Somda-nieuwsberichten op de MijnSomda-pagina', '10', 20),
(2, 'max_drgls', 'number|30', 'Maximaal aantal bijzondere ritten op de MijnSomda-pagina', '10', 30),
(3, 'max_spots', 'number|30', 'Maximaal aantal recente spots op de MijnSomda-pagina', '12', 40),
(4, 'max_posts', 'number|30', 'Maximaal aantal forumberichten op de MijnSomda-pagina', '10', 50),
(5, 'display_poll', 'boolean', 'Geef poll weer als ik al gestemd heb', '1', 60),
(8, 'default_spot_place', 'table|location|name|description', 'Standaard spotlocatie', '', 70),
(11, 'forum_signature', 'text', 'Handtekening voor in het forum', '', 110),
(12, 'mail_all_favorites', 'boolean', 'Stuur altijd een e-mail bij reacties op favoriete forumdiscussies', '0', 230),
(13, 'mail_drgls', 'boolean', 'Stuur mij een e-mail als er een last-minute DRGL wordt toegevoegd', '0', 240),
(19, 'layout', 'layout', 'Layout van de MijnSomda-pagina', ';welcome;dashboard;forum;spots;foutespots;drgl;werkzaamheden;shortcuts;spoornieuws;doorkomst;weer;news;', 0),
(29, 'max_foutespots', 'number|30', 'Maximaal aantal foute spots-berichten op de MijnSomda-pagina', '10', 55),
(32, 'force_desktop', 'boolean', 'Ga altijd naar de desktop versie, nooit de mobiele versie', '0', 80);

--
-- Gegevens worden geëxporteerd voor tabel `somda_rechten`
--

INSERT INTO `somda_rechten` (`blokid`, `groupid`) VALUES
(0, 1),
(1, 1),
(2, 1),
(3, 1),
(4, 1),
(5, 1),
(6, -1),
(6, 1),
(6, 3),
(6, 4),
(6, 14),
(7, 1),
(7, 9),
(8, 1),
(8, 9),
(9, -1),
(9, 1),
(9, 3),
(9, 4),
(9, 14),
(10, 1),
(10, 3),
(10, 4),
(10, 7),
(11, 1),
(11, 8),
(12, 1),
(12, 3),
(12, 4),
(12, 14),
(13, 1),
(14, 1),
(14, 3),
(14, 4),
(14, 7),
(15, 1),
(15, 3),
(15, 4),
(16, 1),
(17, 1),
(17, 4),
(17, 14),
(20, 1),
(21, 1),
(22, -1),
(22, 1),
(22, 3),
(22, 4),
(22, 14),
(23, -1),
(23, 1),
(24, 1),
(24, 3),
(24, 4),
(24, 14),
(25, 1),
(26, 1),
(27, 1),
(28, 1),
(28, 5),
(29, 1),
(30, 1),
(32, 1),
(32, 7),
(32, 21),
(33, 1),
(33, 7),
(33, 19),
(34, -1),
(34, 1),
(34, 3),
(34, 4),
(34, 7),
(35, 1),
(35, 3),
(35, 4),
(35, 14),
(36, -1),
(36, 1),
(37, 1),
(37, 3),
(37, 4),
(37, 14),
(38, 1),
(38, 4),
(38, 14),
(39, -1),
(39, 1),
(39, 3),
(39, 4),
(39, 14),
(40, -1),
(40, 1),
(40, 3),
(40, 4),
(40, 7),
(40, 13),
(42, 11),
(42, 12),
(43, 1),
(43, 3),
(43, 4),
(43, 7),
(44, 1),
(45, 1),
(45, 9),
(46, 1),
(46, 7),
(46, 10),
(47, 1),
(48, -1),
(48, 1),
(48, 3),
(48, 4),
(48, 14),
(49, 1),
(49, 13),
(51, 1),
(52, 1),
(52, 3),
(52, 4),
(52, 14),
(55, 1),
(56, 1),
(58, -1),
(58, 1),
(58, 3),
(58, 4),
(58, 14),
(59, 1),
(59, 4),
(61, 1),
(62, 1),
(62, 7),
(63, 1),
(66, 1),
(66, 18),
(67, 1),
(67, 7),
(68, 1),
(68, 3),
(68, 4),
(68, 14),
(70, 1),
(70, 7),
(92, -1),
(93, -1),
(95, 1),
(95, 7),
(96, 1),
(98, 1),
(98, 7),
(98, 23),
(99, 1),
(99, 6),
(99, 7);

--
-- Gegevens worden geëxporteerd voor tabel `somda_rijdagen`
--

INSERT INTO `somda_rijdagen` (`rijdagenid`, `ma`, `di`, `wo`, `do`, `vr`, `za`, `zf`) VALUES
(1, 1, 0, 0, 0, 0, 0, 0),
(2, 0, 1, 0, 0, 0, 0, 0),
(3, 1, 1, 0, 0, 0, 0, 0),
(4, 0, 0, 1, 0, 0, 0, 0),
(5, 1, 0, 1, 0, 0, 0, 0),
(6, 0, 1, 1, 0, 0, 0, 0),
(7, 1, 1, 1, 0, 0, 0, 0),
(8, 0, 0, 0, 1, 0, 0, 0),
(9, 1, 0, 0, 1, 0, 0, 0),
(10, 0, 1, 0, 1, 0, 0, 0),
(11, 1, 1, 0, 1, 0, 0, 0),
(12, 0, 0, 1, 1, 0, 0, 0),
(13, 1, 0, 1, 1, 0, 0, 0),
(14, 0, 1, 1, 1, 0, 0, 0),
(15, 1, 1, 1, 1, 0, 0, 0),
(16, 0, 0, 0, 0, 1, 0, 0),
(17, 1, 0, 0, 0, 1, 0, 0),
(18, 0, 1, 0, 0, 1, 0, 0),
(19, 1, 1, 0, 0, 1, 0, 0),
(20, 0, 0, 1, 0, 1, 0, 0),
(21, 1, 0, 1, 0, 1, 0, 0),
(22, 0, 1, 1, 0, 1, 0, 0),
(23, 1, 1, 1, 0, 1, 0, 0),
(24, 0, 0, 0, 1, 1, 0, 0),
(25, 1, 0, 0, 1, 1, 0, 0),
(26, 0, 1, 0, 1, 1, 0, 0),
(27, 1, 1, 0, 1, 1, 0, 0),
(28, 0, 0, 1, 1, 1, 0, 0),
(29, 1, 0, 1, 1, 1, 0, 0),
(30, 0, 1, 1, 1, 1, 0, 0),
(31, 1, 1, 1, 1, 1, 0, 0),
(32, 0, 0, 0, 0, 0, 1, 0),
(33, 1, 0, 0, 0, 0, 1, 0),
(34, 0, 1, 0, 0, 0, 1, 0),
(35, 1, 1, 0, 0, 0, 1, 0),
(36, 0, 0, 1, 0, 0, 1, 0),
(37, 1, 0, 1, 0, 0, 1, 0),
(38, 0, 1, 1, 0, 0, 1, 0),
(39, 1, 1, 1, 0, 0, 1, 0),
(40, 0, 0, 0, 1, 0, 1, 0),
(41, 1, 0, 0, 1, 0, 1, 0),
(42, 0, 1, 0, 1, 0, 1, 0),
(43, 1, 1, 0, 1, 0, 1, 0),
(44, 0, 0, 1, 1, 0, 1, 0),
(45, 1, 0, 1, 1, 0, 1, 0),
(46, 0, 1, 1, 1, 0, 1, 0),
(47, 1, 1, 1, 1, 0, 1, 0),
(48, 0, 0, 0, 0, 1, 1, 0),
(49, 1, 0, 0, 0, 1, 1, 0),
(50, 0, 1, 0, 0, 1, 1, 0),
(51, 1, 1, 0, 0, 1, 1, 0),
(52, 0, 0, 1, 0, 1, 1, 0),
(53, 1, 0, 1, 0, 1, 1, 0),
(54, 0, 1, 1, 0, 1, 1, 0),
(55, 1, 1, 1, 0, 1, 1, 0),
(56, 0, 0, 0, 1, 1, 1, 0),
(57, 1, 0, 0, 1, 1, 1, 0),
(58, 0, 1, 0, 1, 1, 1, 0),
(59, 1, 1, 0, 1, 1, 1, 0),
(60, 0, 0, 1, 1, 1, 1, 0),
(61, 1, 0, 1, 1, 1, 1, 0),
(62, 0, 1, 1, 1, 1, 1, 0),
(63, 1, 1, 1, 1, 1, 1, 0),
(64, 0, 0, 0, 0, 0, 0, 1),
(65, 1, 0, 0, 0, 0, 0, 1),
(66, 0, 1, 0, 0, 0, 0, 1),
(67, 1, 1, 0, 0, 0, 0, 1),
(68, 0, 0, 1, 0, 0, 0, 1),
(69, 1, 0, 1, 0, 0, 0, 1),
(70, 0, 1, 1, 0, 0, 0, 1),
(71, 1, 1, 1, 0, 0, 0, 1),
(72, 0, 0, 0, 1, 0, 0, 1),
(73, 1, 0, 0, 1, 0, 0, 1),
(74, 0, 1, 0, 1, 0, 0, 1),
(75, 1, 1, 0, 1, 0, 0, 1),
(76, 0, 0, 1, 1, 0, 0, 1),
(77, 1, 0, 1, 1, 0, 0, 1),
(78, 0, 1, 1, 1, 0, 0, 1),
(79, 1, 1, 1, 1, 0, 0, 1),
(80, 0, 0, 0, 0, 1, 0, 1),
(81, 1, 0, 0, 0, 1, 0, 1),
(82, 0, 1, 0, 0, 1, 0, 1),
(83, 1, 1, 0, 0, 1, 0, 1),
(84, 0, 0, 1, 0, 1, 0, 1),
(85, 1, 0, 1, 0, 1, 0, 1),
(86, 0, 1, 1, 0, 1, 0, 1),
(87, 1, 1, 1, 0, 1, 0, 1),
(88, 0, 0, 0, 1, 1, 0, 1),
(89, 1, 0, 0, 1, 1, 0, 1),
(90, 0, 1, 0, 1, 1, 0, 1),
(91, 1, 1, 0, 1, 1, 0, 1),
(92, 0, 0, 1, 1, 1, 0, 1),
(93, 1, 0, 1, 1, 1, 0, 1),
(94, 0, 1, 1, 1, 1, 0, 1),
(95, 1, 1, 1, 1, 1, 0, 1),
(96, 0, 0, 0, 0, 0, 1, 1),
(97, 1, 0, 0, 0, 0, 1, 1),
(98, 0, 1, 0, 0, 0, 1, 1),
(99, 1, 1, 0, 0, 0, 1, 1),
(100, 0, 0, 1, 0, 0, 1, 1),
(101, 1, 0, 1, 0, 0, 1, 1),
(102, 0, 1, 1, 0, 0, 1, 1),
(103, 1, 1, 1, 0, 0, 1, 1),
(104, 0, 0, 0, 1, 0, 1, 1),
(105, 1, 0, 0, 1, 0, 1, 1),
(106, 0, 1, 0, 1, 0, 1, 1),
(107, 1, 1, 0, 1, 0, 1, 1),
(108, 0, 0, 1, 1, 0, 1, 1),
(109, 1, 0, 1, 1, 0, 1, 1),
(110, 0, 1, 1, 1, 0, 1, 1),
(111, 1, 1, 1, 1, 0, 1, 1),
(112, 0, 0, 0, 0, 1, 1, 1),
(113, 1, 0, 0, 0, 1, 1, 1),
(114, 0, 1, 0, 0, 1, 1, 1),
(115, 1, 1, 0, 0, 1, 1, 1),
(116, 0, 0, 1, 0, 1, 1, 1),
(117, 1, 0, 1, 0, 1, 1, 1),
(118, 0, 1, 1, 0, 1, 1, 1),
(119, 1, 1, 1, 0, 1, 1, 1),
(120, 0, 0, 0, 1, 1, 1, 1),
(121, 1, 0, 0, 1, 1, 1, 1),
(122, 0, 1, 0, 1, 1, 1, 1),
(123, 1, 1, 0, 1, 1, 1, 1),
(124, 0, 0, 1, 1, 1, 1, 1),
(125, 1, 0, 1, 1, 1, 1, 1),
(126, 0, 1, 1, 1, 1, 1, 1),
(127, 1, 1, 1, 1, 1, 1, 1);

--
-- Gegevens worden geëxporteerd voor tabel `somda_snb_spoor_nieuws_bron`
--

INSERT INTO `somda_snb_spoor_nieuws_bron` (`snb_id`, `snb_bron`, `snb_logo`, `snb_url`, `snb_description`) VALUES
(1, 'ad', 'ad.png', 'www.ad.nl', 'Algemeen Dagblad'),
(2, 'alphen', 'alphen.png', 'www.alphen.com', 'Alphen.com'),
(3, 'at5', 'at5.png', 'www.at5.nl', 'AT5'),
(4, 'blikop', 'blik_op_nieuws.jpg', 'www.blikopnieuws.nl', 'Blik op Nieuws'),
(5, 'bnstem', 'bndestem.png', 'www.bndestem.nl', 'BN De Stem'),
(6, 'brabant', 'brabants_dagblad.png', 'www.brabantsdagblad.nl', 'Brabants Dagblad'),
(7, 'dvhn', 'dvhn.png', 'www.dvhn.nl', 'Dagblad van het Noorden'),
(8, 'ed', 'eindhovensdagblad.png', 'www.ed.nl', 'Eindhovens Dagblad'),
(9, 'fd', 'fd.png', 'www.fd.nl', 'Financieel Dagblad'),
(10, 'gld', 'gelderlander.png', 'www.gelderlander.nl', 'De Gelderlander'),
(11, 'hlm', 'haarlemmermeer.png', 'www.haarlemmermeer.nu', 'Haarlemmermeer.nu'),
(12, 'infra', 'infrasite.png', 'www.infrasite.nl', 'Infrasite'),
(13, 'ivw', 'ivw.png', 'www.ivw.nl', 'IVW'),
(14, 'ld', 'leidschdagblad.png', 'www.leidschdagblad.nl', 'Leidsch Dagblad'),
(15, 'limburg', 'limburger.png', 'www.limburger.nl', 'De Limburger'),
(16, 'nhd', 'nhd.png', 'www.noordhollandsdagblad.nl', 'Noordhollands Dagblad'),
(17, 'nieuws', 'nieuws_nl.png', 'www.nieuws.nl', 'Nieuws.nl'),
(18, 'ns', 'ns.png', 'www.ns.nl', 'Nederlandse Spoorwegen'),
(19, 'nu.nl', 'nu-nl.png', 'www.nu.nl', 'NU.nl'),
(20, 'parool', 'parool.png', 'www.parool.nl', 'Het Parool'),
(21, 'peno', 'po.png', 'www.penoactueel.nl', 'P&O actueel'),
(22, 'prorail', 'prorail.png', 'www.prorail.nl', 'ProRail'),
(23, 'pzc', 'pzc.png', 'www.pzc.nl', 'PZC'),
(24, 'refd', 'refdag.png', 'www.refdag.nl', 'Reformatorisch dagblad'),
(25, 'rover', 'rover.png', 'www.rover.nl', 'Rover'),
(26, 'rtl', 'rtlnieuws.png', 'www.rtlnieuws.nl', 'RTL Nieuws'),
(27, 'rtvdren', 'rtvdrenthe.png', 'www.rtvdrenthe.nl', 'RTV Drenthe'),
(28, 'rtvkatw', 'rtvkatwijk.png', 'www.rtvkatwijk.nl', 'RTV Katwijk'),
(29, 'rtvnh', 'rtvnh.png', 'www.rtvnh.nl', 'RTV Noord-Holland'),
(30, 'rtvnrd', 'rtvnoord.png', 'www.rtvnoord.nl', 'RTV Noord'),
(31, 'rtvoost', 'rtvoost.png', 'www.rtvoost.nl', 'RTV Oost'),
(32, 'rtvrijn', 'rtvrijnmond.png', 'www.rtvrijnmond.nl', 'RTV Rijnmond'),
(33, 'rtvutr', 'rtvutrecht.png', 'www.rtvutrecht.nl', 'RTV Utrecht'),
(34, 'stentor', 'destentor.png', 'www.destentor.nl', 'De Stentor'),
(35, 'tctub', 'tctubantia.png', 'www.tctubantia.nl', 'TC Tubantia'),
(36, 'transp', 'nieuwsblad_transport.png', 'www.nieuwsbladtransport.nl', 'Nieuwsblad Transport'),
(37, 'trouw', 'trouw.png', 'www.trouw.nl', 'Trouw'),
(38, 'treinn', 'treinennieuws.png', 'www.treinennieuws.nl', 'Treinennieuws.nl'),
(39, 'trreiz', 'treinreiziger.png', 'www.treinreiziger.nl', 'Treinreiziger.nl'),
(40, 'verknet', 'verknet.png', 'www.verkeersnet.nl', 'Verkeersnet.nl'),
(41, 'volkskr', 'volkskrant.png', 'www.volkskrant.nl', 'Volkskrant'),
(42, 'webr', 'webregio.gif', 'www.webregio.nl', 'WebRegio'),
(43, 'z24', 'Z24.png', 'www.z24.nl', 'Z24'),
(44, 'maxtv', 'maximaaltv.jpg', 'www.maximaal.nl', 'Maximaal'),
(45, 'barnv', 'barneveld.jpg', 'www.barneveldsekrant.nl', 'BarneveldseKrant.nl'),
(46, 'leeuw', 'leeuwarden.png', 'www.leeuwardercourant.nl', 'Leeuwarder Courant'),
(47, 'almere', 'almere.png', 'www.almerevandaag.nl', 'Almere Vandaag'),
(48, 'rtvwest', 'rtvwest.jpg', 'www.westonline.nl', 'RTV West'),
(49, 'gic', 'gic.png', 'www.gic.nl', 'Groninger Internet Courant'),
(50, 'adam', 'adam.png', 'www.nieuwsuitamsterdam.nl', 'Nieuws uit Amsterdam'),
(51, 'trweb', 'treinenweb.png', 'www.treinenweb.nl', 'Treinenweb.nl'),
(52, 'tgraaf', 'telegraaf.gif', 'www.telegraaf.nl', 'Telegraaf');

--
-- Gegevens worden geëxporteerd voor tabel `somda_snf_spoor_nieuws_bron_feed`
--

INSERT INTO `somda_snf_spoor_nieuws_bron_feed` (`snf_id`, `snf_snb_id`, `snf_url`, `snf_filter_results`) VALUES
(1, 18, 'https://nieuws.ns.nl/feed/nl', 0),
(2, 22, 'https://www.prorail.nl/nieuws/rss', 0),
(3, 39, 'https://www.treinreiziger.nl/rss/', 0),
(4, 51, 'https://www.treinenweb.nl/rss', 0),
(5, 38, 'https://www.treinennieuws.nl/feed/', 0),
(6, 13, 'https://feeds.ilent.nl/nieuws.rss', 1),
(7, 1, 'https://www.ad.nl/home/rss.xml', 1),
(8, 1, 'https://www.ad.nl/binnenland/rss.xml', 1),
(9, 1, 'https://www.ad.nl/buitenland/rss.xml', 1),
(10, 1, 'https://www.ad.nl/economie/rss.xml', 1),
(11, 1, 'https://www.ad.nl/politiek/rss.xml', 1),
(12, 1, 'https://www.ad.nl/bizar/rss.xml', 1),
(13, 1, 'https://www.ad.nl/rotterdam/rss.xml', 1),
(14, 1, 'https://www.ad.nl/den-haag/rss.xml', 1),
(15, 1, 'https://www.ad.nl/utrecht/rss.xml', 1),
(16, 1, 'https://www.ad.nl/amsterdam/rss.xml', 1),
(17, 1, 'https://www.ad.nl/wetenschap/rss.xml', 1),
(18, 41, 'https://www.volkskrant.nl/nieuws-achtergrond/rss.xml', 1),
(19, 41, 'https://www.volkskrant.nl/columns-opinie/rss.xml', 1),
(20, 41, 'https://www.volkskrant.nl/economie/rss.xml', 1),
(21, 41, 'https://www.volkskrant.nl/reizen/rss.xml', 1),
(22, 41, 'https://www.volkskrant.nl/wetenschap/rss.xml', 1),
(23, 52, 'https://www.telegraaf.nl/rss', 1),
(24, 52, 'https://www.telegraaf.nl/nieuws/binnenland/rss', 1),
(25, 7, 'https://www.dvhn.nl/?service=rssOwnArticlesStandard', 1),
(26, 7, 'https://www.dvhn.nl/groningen/?service=rss', 1),
(27, 7, 'https://www.dvhn.nl/drenthe/?service=rss', 1),
(28, 19, 'https://www.nu.nl/rss', 1),
(29, 19, 'https://www.nu.nl/rss/column', 1),
(30, 19, 'https://www.nu.nl/rss/economie', 1),
(31, 19, 'https://www.nu.nl/rss/internet', 1),
(32, 19, 'https://www.nu.nl/rss/opmerkelijk', 1),
(33, 19, 'https://www.nu.nl/rss/wetenschap', 1),
(34, 37, 'https://www.trouw.nl/voorpagina/rss.xml', 1),
(35, 37, 'https://www.trouw.nl/verdieping/rss.xml', 1),
(36, 37, 'https://www.trouw.nl/opinie/rss.xml', 1),
(37, 17, 'https://nieuws.nl/feed/', 1),
(38, 17, 'https://aalburg.nieuws.nl/feed/', 1),
(39, 17, 'https://aalsmeer.nieuws.nl/feed/', 1),
(40, 17, 'https://aalten.nieuws.nl/feed/', 1),
(41, 17, 'https://alblasserdam.nieuws.nl/feed/', 1),
(42, 17, 'https://alkmaar.nieuws.nl/feed/', 1),
(43, 17, 'https://almelo.nieuws.nl/feed/', 1),
(44, 17, 'https://almere.nieuws.nl/feed/', 1),
(45, 17, 'https://alphen-aan-den-rijn.nieuws.nl/feed/', 1),
(46, 17, 'https://amersfoort.nieuws.nl/feed/', 1),
(47, 17, 'https://amstelveen.nieuws.nl/feed/', 1),
(48, 17, 'https://amsterdam.nieuws.nl/feed/', 1),
(49, 17, 'https://apeldoorn.nieuws.nl/feed/', 1),
(50, 17, 'https://arnhem.nieuws.nl/feed/', 1),
(51, 17, 'https://baarn.nieuws.nl/feed/', 1),
(52, 17, 'https://barendrecht.nieuws.nl/feed/', 1),
(53, 17, 'https://barneveld.nieuws.nl/feed/', 1),
(54, 17, 'https://bedum.nieuws.nl/feed/', 1),
(55, 17, 'https://bergen-op-zoom.nieuws.nl/feed/', 1),
(56, 17, 'https://breda.nieuws.nl/feed/', 1),
(57, 17, 'https://culemborg.nieuws.nl/feed/', 1),
(58, 17, 'https://den-bosch.nieuws.nl/feed/', 1),
(59, 17, 'https://den-haag.nieuws.nl/feed/', 1),
(60, 17, 'https://deventer.nieuws.nl/feed/', 1),
(61, 17, 'https://dordrecht.nieuws.nl/feed/', 1),
(62, 17, 'https://druten.nieuws.nl/feed/', 1),
(63, 17, 'https://ede.nieuws.nl/feed/', 1),
(64, 17, 'https://eindhoven.nieuws.nl/feed/', 1),
(65, 17, 'https://enkhuizen.nieuws.nl/feed/', 1),
(66, 17, 'https://enschede.nieuws.nl/feed/', 1),
(67, 17, 'https://groesbeek.nieuws.nl/feed/', 1),
(68, 17, 'https://groningen.nieuws.nl/feed/', 1),
(69, 17, 'https://haarlem.nieuws.nl/feed/', 1),
(70, 17, 'https://heerenveen.nieuws.nl/feed/', 1),
(71, 17, 'https://heerlen.nieuws.nl/feed/', 1),
(72, 17, 'https://hengelo.nieuws.nl/feed/', 1),
(73, 17, 'https://hoogeveen.nieuws.nl/feed/', 1),
(74, 17, 'https://hoorn.nieuws.nl/feed/', 1),
(75, 17, 'https://houten.nieuws.nl/feed/', 1),
(76, 17, 'https://leeuwarden.nieuws.nl/feed/', 1),
(77, 17, 'https://leiden.nieuws.nl/feed/', 1),
(78, 17, 'https://maastricht.nieuws.nl/feed/', 1),
(79, 17, 'https://meppel.nieuws.nl/feed/', 1),
(80, 17, 'https://nijmegen.nieuws.nl/feed/', 1),
(81, 17, 'https://raalte.nieuws.nl/feed/', 1),
(82, 17, 'https://rijnwaarden.nieuws.nl/feed/', 1),
(83, 17, 'https://roosendaal.nieuws.nl/feed/', 1),
(84, 17, 'https://rotterdam.nieuws.nl/feed/', 1),
(85, 17, 'https://schiedam.nieuws.nl/feed/', 1),
(86, 17, 'https://tilburg.nieuws.nl/feed/', 1),
(87, 17, 'https://utrecht.nieuws.nl/feed/', 1),
(88, 17, 'https://vlissingen.nieuws.nl/feed/', 1),
(89, 17, 'https://zwolle.nieuws.nl/feed/', 1),
(90, 10, 'https://www.gelderlander.nl/home/rss.xml', 1),
(91, 10, 'https://www.gelderlander.nl/s-hertogenbosch/rss.xml', 1),
(92, 10, 'https://www.gelderlander.nl/achterhoek/rss.xml', 1),
(93, 10, 'https://www.gelderlander.nl/arnhem-e-o/rss.xml', 1),
(94, 10, 'https://www.gelderlander.nl/betuwe/rss.xml', 1),
(95, 10, 'https://www.gelderlander.nl/de-vallei/rss.xml', 1),
(96, 10, 'https://www.gelderlander.nl/eindhoven/rss.xml', 1),
(97, 10, 'https://www.gelderlander.nl/enschede/rss.xml', 1),
(98, 10, 'https://www.gelderlander.nl/liemers/rss.xml', 1),
(99, 10, 'https://www.gelderlander.nl/maas-en-waal/rss.xml', 1),
(100, 10, 'https://www.gelderlander.nl/maasland/rss.xml', 1),
(101, 10, 'https://www.gelderlander.nl/nijmegen-e-o/rss.xml', 1),
(102, 10, 'https://www.gelderlander.nl/oss-uden-e-o/rss.xml', 1),
(103, 10, 'https://www.gelderlander.nl/rivierenland/rss.xml', 1),
(104, 10, 'https://www.gelderlander.nl/utrecht/rss.xml', 1),
(105, 10, 'https://www.gelderlander.nl/zutphen/rss.xml', 1),
(106, 5, 'https://www.bndestem.nl/home/rss.xml', 1),
(107, 5, 'https://www.bndestem.nl/bergen-op-zoom/rss.xml', 1),
(108, 5, 'https://www.bndestem.nl/brabant/rss.xml', 1),
(109, 5, 'https://www.bndestem.nl/breda/rss.xml', 1),
(110, 5, 'https://www.bndestem.nl/dordrecht/rss.xml', 1),
(111, 5, 'https://www.bndestem.nl/etten-leur/rss.xml', 1),
(112, 5, 'https://www.bndestem.nl/hoeksche-waard/rss.xml', 1),
(113, 5, 'https://www.bndestem.nl/moerdijk/rss.xml', 1),
(114, 5, 'https://www.bndestem.nl/oosterhout/rss.xml', 1),
(115, 5, 'https://www.bndestem.nl/rivierenland/rss.xml', 1),
(116, 5, 'https://www.bndestem.nl/roosendaal/rss.xml', 1),
(117, 5, 'https://www.bndestem.nl/tholen/rss.xml', 1),
(118, 5, 'https://www.bndestem.nl/tilburg/rss.xml', 1),
(119, 5, 'https://www.bndestem.nl/waalwijk-heusden/rss.xml', 1),
(120, 5, 'https://www.bndestem.nl/zeeland/rss.xml', 1),
(121, 34, 'https://www.destentor.nl/home/rss.xml', 1),
(122, 34, 'https://www.destentor.nl/achterhoek/rss.xml', 1),
(123, 34, 'https://www.destentor.nl/almelo/rss.xml', 1),
(124, 34, 'https://www.destentor.nl/amersfoort/rss.xml', 1),
(125, 34, 'https://www.destentor.nl/apeldoorn/rss.xml', 1),
(126, 34, 'https://www.destentor.nl/arnhem/rss.xml', 1),
(127, 34, 'https://www.destentor.nl/deventer/rss.xml', 1),
(128, 34, 'https://www.destentor.nl/enschede/rss.xml', 1),
(129, 34, 'https://www.destentor.nl/flevoland/rss.xml', 1),
(130, 34, 'https://www.destentor.nl/hengelo/rss.xml', 1),
(131, 34, 'https://www.destentor.nl/kampen/rss.xml', 1),
(132, 34, 'https://www.destentor.nl/kop-van-overijssel/rss.xml', 1),
(133, 34, 'https://www.destentor.nl/nijmegen/rss.xml', 1),
(134, 34, 'https://www.destentor.nl/reggestreek/rss.xml', 1),
(135, 34, 'https://www.destentor.nl/salland/rss.xml', 1),
(136, 34, 'https://www.destentor.nl/vechtdal/rss.xml', 1),
(137, 34, 'https://www.destentor.nl/veluwe/rss.xml', 1),
(138, 34, 'https://www.destentor.nl/zutphen/rss.xml', 1),
(139, 34, 'https://www.destentor.nl/zwolle/rss.xml', 1),
(140, 23, 'https://www.pzc.nl/home/rss.xml', 1),
(141, 23, 'https://www.pzc.nl/bergen-op-zoom/rss.xml', 1),
(142, 23, 'https://www.pzc.nl/breda/rss.xml', 1),
(143, 23, 'https://www.pzc.nl/dordrecht/rss.xml', 1),
(144, 23, 'https://www.pzc.nl/roosendaal/rss.xml', 1),
(145, 23, 'https://www.pzc.nl/rotterdam/rss.xml', 1),
(146, 27, 'https://www.rtvdrenthe.nl/rss/nieuws', 1),
(147, 28, 'https://nieuws.rtvkatwijk.nl/feed/', 1),
(148, 29, 'https://rss.nhnieuws.nl/rss', 1),
(149, 29, 'https://rss.nhnieuws.nl/rss/alkmaar', 1),
(150, 29, 'https://rss.nhnieuws.nl/rss/amsterdam', 1),
(151, 29, 'https://rss.nhnieuws.nl/rss/nhgooi', 1),
(152, 29, 'https://rss.nhnieuws.nl/rss/haarlem', 1),
(153, 29, 'https://rss.nhnieuws.nl/rss/haarlemmermeer', 1),
(154, 29, 'https://rss.nhnieuws.nl/rss/noordkop', 1),
(155, 29, 'https://rss.nhnieuws.nl/rss/schiphol', 1),
(156, 29, 'https://rss.nhnieuws.nl/rss/west-friesland', 1),
(157, 29, 'https://rss.nhnieuws.nl/rss/ijmond', 1),
(158, 29, 'https://rss.nhnieuws.nl/rss/zaanstreek-waterland', 1),
(159, 31, 'https://xml.rtvoost.nl/rss/', 1),
(160, 32, 'https://www.rijnmond.nl/rss', 1),
(161, 33, 'https://www.rtvutrecht.nl/rss/index.xml', 1),
(162, 4, 'https://www.blikopnieuws.nl/feeds/all/rss.xml', 1),
(163, 4, 'https://www.blikopnieuws.nl/feeds/economie/rss.xml', 1),
(164, 4, 'https://www.blikopnieuws.nl/feeds/digitaal/rss.xml', 1),
(165, 4, 'https://www.blikopnieuws.nl/feeds/wetenschap/rss.xml', 1),
(166, 4, 'https://www.blikopnieuws.nl/feeds/drenthe/rss.xml', 1),
(167, 4, 'https://www.blikopnieuws.nl/feeds/flevoland/rss.xml', 1),
(168, 4, 'https://www.blikopnieuws.nl/feeds/friesland/rss.xml', 1),
(169, 4, 'https://www.blikopnieuws.nl/feeds/gelderland/rss.xml', 1),
(170, 4, 'https://www.blikopnieuws.nl/feeds/groningen/rss.xml', 1),
(171, 4, 'https://www.blikopnieuws.nl/feeds/limburg/rss.xml', 1),
(172, 4, 'https://www.blikopnieuws.nl/feeds/noord-brabant/rss.xml', 1),
(173, 4, 'https://www.blikopnieuws.nl/feeds/noord-holland/rss.xml', 1),
(174, 4, 'https://www.blikopnieuws.nl/feeds/overijssel/rss.xml', 1),
(175, 4, 'https://www.blikopnieuws.nl/feeds/utrecht/rss.xml', 1),
(176, 4, 'https://www.blikopnieuws.nl/feeds/zeeland/rss.xml', 1),
(177, 4, 'https://www.blikopnieuws.nl/feeds/zuid-holland/rss.xml', 1),
(178, 6, 'https://www.bd.nl/home/rss.xml', 1),
(179, 6, 'https://www.bd.nl/bommelerwaard/rss.xml', 1),
(180, 6, 'https://www.bd.nl/brabant/rss.xml', 1),
(181, 6, 'https://www.bd.nl/breda/rss.xml', 1),
(182, 6, 'https://www.bd.nl/den-bosch-vught/rss.xml', 1),
(183, 6, 'https://www.bd.nl/eindhoven/rss.xml', 1),
(184, 6, 'https://www.bd.nl/meierij/rss.xml', 1),
(185, 6, 'https://www.bd.nl/oss-e-o/rss.xml', 1),
(186, 6, 'https://www.bd.nl/tilburg-e-o/rss.xml', 1),
(187, 6, 'https://www.bd.nl/uden-veghel-e-o/rss.xml', 1),
(188, 6, 'https://www.bd.nl/waalwijk-heusden-e-o/rss.xml', 1),
(189, 20, 'https://www.parool.nl/nederland/rss.xml', 1),
(190, 20, 'https://www.parool.nl/columns-opinie/rss.xml', 1),
(191, 24, 'https://www.rd.nl/laatste-nieuws-7.4514?ot=rd.rss.ot', 1),
(192, 24, 'https://www.rd.nl/binnenland-7.4508?ot=rd.rss.ot', 1),
(193, 24, 'https://www.rd.nl/economie-7.4511?ot=rd.rss.ot', 1),
(194, 24, 'https://www.rd.nl/politiek-7.4518?ot=rd.rss.ot', 1),
(195, 15, 'https://www.limburger.nl/rss/section/d0519dbc-b486-4ea9-b732-a4d500db5cf1', 1),
(196, 8, 'https://www.ed.nl/home/rss.xml', 1),
(197, 8, 'https://www.ed.nl/brabant/rss.xml', 1),
(198, 8, 'https://www.ed.nl/den-bosch/rss.xml', 1),
(199, 8, 'https://www.ed.nl/eindhoven/rss.xml', 1),
(200, 8, 'https://www.ed.nl/helmond/rss.xml', 1),
(201, 8, 'https://www.ed.nl/tilburg/rss.xml', 1),
(202, 8, 'https://www.ed.nl/veldhoven/rss.xml', 1),
(203, 35, 'https://www.tubantia.nl/home/rss.xml', 1),
(204, 35, 'https://www.tubantia.nl/achterhoek/rss.xml', 1),
(205, 35, 'https://www.tubantia.nl/almelo-e-o/rss.xml', 1),
(206, 35, 'https://www.tubantia.nl/apeldoorn/rss.xml', 1),
(207, 35, 'https://www.tubantia.nl/deventer/rss.xml', 1),
(208, 35, 'https://www.tubantia.nl/enschede-e-o/rss.xml', 1),
(209, 35, 'https://www.tubantia.nl/hengelo-e-o/rss.xml', 1),
(210, 35, 'https://www.tubantia.nl/oldenzaal-e-o/rss.xml', 1),
(211, 35, 'https://www.tubantia.nl/reggestreek/rss.xml', 1),
(212, 35, 'https://www.tubantia.nl/zwolle/rss.xml', 1),
(213, 43, 'https://www.businessinsider.nl/feed/', 1),
(214, 3, 'https://rss.at5.nl/rss', 1),
(215, 3, 'https://rss.at5.nl/rss/achtergrond', 1),
(216, 3, 'https://rss.at5.nl/rss/politiek', 1),
(217, 46, 'https://www.lc.nl/?service=rss', 1),
(218, 49, 'https://www.gic.nl/startpagina/rss', 1);

--
-- Gegevens worden geëxporteerd voor tabel `somda_verk`
--

INSERT INTO `somda_verk` (`afkid`, `afkorting`, `landid`, `latitude`, `longitude`, `description`, `traject`, `route_overstaptijd`, `spot_allowed`) VALUES
(1, 'Abl', 97, NULL, NULL, 'Ambachtsland', '', 0, 0),
(2, 'Abr', 1, 51.4999, 3.65021, 'Brug over de Arne', 'Rsd-Vs', 0, 1),
(3, 'Ac', 1, 52.2785, 4.977, 'Abcoude', 'Asd-Ut', 0, 1),
(4, 'Adh', 50, 53.19889, 5.81639, 'Leeuwarden Achter d Hoven', 'Hlg-Nsch', 0, 1),
(5, 'Aeg', 1, 52.3775, 4.837, 'Amsterdam Erasmusgracht aansl.', 'Ass-Shl', 0, 1),
(6, 'Ah', 1, 51.985000610352, 5.8991665840149, 'Arnhem Centraal', 'Ut-Zvg', 4, 1),
(7, 'Ahb', 1, 51.9864, 5.88906, 'Arnhem Berg', 'Ut-Zvg', 0, 1),
(8, 'Ahbf', 2, 50.7678, 6.091499, 'Aachen Hbf', 'Han-A', 0, 0),
(9, 'Ahbo', 1, 51.9874, 5.88291, 'Arnhem Berg Opstel', 'Ut-Zvg', 0, 1),
(10, 'Ahg', 1, 51.9764, 5.9296, 'Arnhem goederenstation', 'Ahg-Va', 0, 1),
(11, 'Ahp', 1, 51.985279083252, 5.9194445610046, 'Arnhem Velperpoort', 'Ah-Zvg', 0, 1),
(12, 'Ahpr', 1, 51.988056182861, 5.9438886642456, 'Arnhem Presikhaaf', 'Ah-Zl', 0, 1),
(13, 'Ahwa', 1, 51.9868, 5.87802, 'Arnhem West aansl.', 'Ut-Ah', 0, 1),
(14, 'Ahz', 1, 51.955001831055, 5.8519444465637, 'Arnhem Zuid', 'Ah-Nm', 0, 1),
(15, 'Akl', 1, 51.87194442749, 4.9927778244019, 'Arkel', 'Gr-Gdm', 0, 1),
(16, 'Akm', 1, 53.046390533447, 5.843611240387, 'Akkrum', 'Zl-Lw', 0, 1),
(17, 'Aks', 97, NULL, NULL, 'De Akkers (eindpunt)', '', 0, 0),
(18, 'Ald', 97, NULL, NULL, 'Alexander', '', 0, 0),
(19, 'Alm', 1, 52.37503, 5.21764, 'Almere Centrum', 'Wp-Lls', 0, 1),
(20, 'Almb', 1, 52.394165039062, 5.2780556678772, 'Almere Buiten', 'Wp-Lls', 0, 1),
(21, 'Almm', 1, 52.367500305176, 5.1902775764465, 'Almere Muziekwijk', 'Wp-Lls', 0, 1),
(22, 'Almmo', 1, 52.36, 5.1742, 'Almere Muziekwijk overloopwissels', 'Wp-Lls', 0, 1),
(23, 'Almo', 1, 52.403331756592, 5.3005557060242, 'Almere Oostvaarders', 'Wp-Lls', 0, 1),
(24, 'Almp', 1, 52.376667022705, 5.244722366333, 'Almere Parkwijk', 'Wp-Lls', 0, 1),
(25, 'Alms', 1, 52.3324, 5.14823, 'Almere Strand', 'Wp-Lls', 0, 1),
(26, 'Ama', 1, 52.1661, 5.39266, 'Amersfoort aansl.', 'Amf-Apd', 0, 1),
(27, 'Amf', 1, 52.153888702393, 5.3705554008484, 'Amersfoort Centraal', 'Asd-Zp', 0, 1),
(28, 'Amfga', 1, 52.1576, 5.35304, 'Amersfoort goederensporen aansluiting', 'Amf-Hvs', 0, 1),
(29, 'Amfpon', 1, 52.1216, 5.41308, 'Amersfoort racc. Pon', 'Amf-Apd', 0, 1),
(30, 'Amfs', 1, 52.174822137451, 5.4038887023926, 'Amersfoort Schothorst', 'Amf-Zl', 0, 1),
(31, 'Amfv', 1, 52.1452, 5.33356, 'Amersfoort Vlasakkers', 'Amf-Ut', 0, 1),
(32, 'Amfva', 1, 52.1483, 5.34729, 'Amersfoort Vlasakkers aansl.', 'Amf-Ut', 0, 1),
(33, 'Aml', 1, 52.358055114746, 6.6538887023926, 'Almelo', 'Dv-Hgl', 0, 1),
(34, 'Amlbp', 1, 52.3796, 6.62281, 'Almelo Bedrijven Park', 'Dv-Aml', 0, 1),
(35, 'Amr', 1, 52.63777923584, 4.7397222518921, 'Alkmaar', 'Hdr-Asd', 0, 1),
(36, 'Amri', 1, 52.341945648193, 6.6666665077209, 'Almelo de Riet', 'Aml-Hgl', 0, 1),
(37, 'Amrn', 1, 52.643890380859, 4.7641668319702, 'Alkmaar Noord', 'Hdr-Amr', 0, 1),
(38, 'Ana', 1, 52.867221832275, 4.8111109733581, 'Anna Paulowna', 'Hdr-Amr', 0, 1),
(39, 'Apd', 1, 52.209167480469, 5.9702777862549, 'Apeldoorn', 'Amf-Dv', 0, 1),
(40, 'Apda', 1, 52.2089, 5.9815, 'Apeldoorn aansl.', 'Apd-Zp', 0, 1),
(41, 'Apdvam', 1, 52.1815, 5.98301, 'Apeldoorn VAM', 'Asd-Zp', 0, 1),
(42, 'Apg', 1, 53.3258135, 6.8619577, 'Appingedam', 'Gn-Dz', 0, 1),
(43, 'Apn', 1, 52.124443054199, 4.6577777862549, 'Alphen a/d Rijn', 'Wd-Ledn', 0, 1),
(44, 'Are', 2, 50.77018, 6.11647, 'Aachen Rothe Erde (D)', 'Hrl - Ahbf', 0, 0),
(45, 'Arn', 1, 51.501667022705, 3.6691665649414, 'Arnemuiden', 'Rsd-Vs', 0, 1),
(46, 'Asa', 1, 52.346668243408, 4.9177780151367, 'Amsterdam Amstel', 'Asd-Dvd', 0, 1),
(47, 'Asb', 1, 52.3122215271, 4.9469442367554, 'Amsterdam Bijlmer ArenA', 'Dvd-Bkl', 0, 1),
(48, 'Asch', 2, 50.76987, 6.07383, 'Aachen Schanz (D)', 'Hrl - Ahbf', 0, 0),
(49, 'Asd', 1, 52.378887176514, 4.9002776145935, 'Amsterdam Centraal', 'Hdr-Asd', 5, 1),
(50, 'Asdar', 1, 52.31805, 4.94167, 'Amsterdam Stadion', 'Asd-Dvd', 0, 1),
(51, 'Asdhdf', 4, NULL, NULL, 'Ashford (UK)', '', 0, 0),
(52, 'Asdl', 1, 52.357776641846, 4.8338890075684, 'Amsterdam Lelylaan', 'Asd-Shl', 0, 1),
(53, 'Asdm', 1, 52.360553741455, 4.9311113357544, 'Amsterdam Muiderpoort', 'Asd-Dvd', 0, 1),
(54, 'Asdma', 1, 52.365, 4.93114, 'Amsterdam Muiderpoort aansl.', 'Asd-Dvd', 0, 1),
(55, 'Asdmw', 1, 52.36095, 4.9322, 'Amsterdam Muiderpoort west', 'Asd-Dvd', 0, 1),
(56, 'Asdta', 1, 52.39293, 4.86429, 'Amsterdam Transformatorweg  aansl.', 'Amr-Asd', 0, 1),
(57, 'Asdz', 1, 52.338889, 4.872356, 'Amsterdam Zuid', 'Dvd-Shl', 0, 1),
(58, 'Asn', 1, 52.991664886475, 6.5708332061768, 'Assen', 'Mp-Gn', 0, 1),
(59, 'Asra', 1, 52.3385, 4.82437, 'Amsterdam Riekerpolder aansl.', 'Gpda-Asr', 0, 1),
(60, 'Ass', 1, 52.388889312744, 4.8377776145935, 'Amsterdam Sloterdijk', 'Asd-Zd', 0, 1),
(61, 'Aswplm', 1, 52.3904, 4.87132, 'Amsterdam Werkplaats-midden', 'Zd-Asd', 0, 1),
(62, 'Aswpln', 1, 52.3924, 4.86535, 'Amsterdam Werkplaats-noord', 'Zd-Asd', 0, 1),
(63, 'Aswplz', 1, 52.3886, 4.87583, 'Amsterdam Werkplaats-zuid', 'Zd-Asd', 0, 1),
(64, 'At', 1, 51.4727, 5.4274, 'Acht', 'Bd-Ehv', 0, 1),
(65, 'Atn', 1, 51.921326524551, 6.5786272287369, 'Aalten', 'Ww-Zv', 0, 1),
(66, 'Atw', 3, 51.2161, 4.42122, 'Antwerpen-Centraal', 'Rsd-Bch', 0, 1),
(67, 'Atwa', 3, NULL, NULL, 'Antwerpen-Angola (B)', 'Esn-Pars', 0, 0),
(68, 'Atwd', 3, 51.23217, 4.42627, 'Antwerpen-Dam (B)', 'Esn-Pars', 0, 1),
(69, 'Atwn', 3, NULL, NULL, 'Antwerpen-Noord (B)', 'Esn-Pars', 0, 0),
(70, 'Atwo', 3, NULL, NULL, 'Antwerpen-Oost (B)', 'Esn-Pars', 0, 0),
(71, 'Atwsp', 3, 51.22735, 4.43895, 'Antwerpen-Schijnpoort (B)', 'Esn-Pars', 0, 1),
(72, 'Aw', 2, 50.78036, 6.070715, 'Aachen West', 'Han-A', 0, 0),
(73, 'Awhv', 1, 52.4046, 4.83881, 'Amsterdam Westhaven', 'Zd-Sgra', 0, 1),
(74, 'Awhvw', 1, 52.407, 4.80336, 'Amsterdam Westhaven West', 'Zd-Sgra', 0, 1),
(75, 'Axa', 1, NULL, NULL, 'Axel aansl.', 'Tnzz-Axa', 0, 1),
(76, 'Az', 1, 51.9395, 4.46099, 'Aansluiting-ZHES', 'Gd-Rtd', 0, 1),
(77, 'Bas', 6, NULL, NULL, 'Basel (CH) (wgl-groep)', '', 0, 0),
(78, 'Baselb', 6, 47.56815, 7.6073, 'Basel Bad Bf (D)', '', 0, 0),
(79, 'Basels', 6, 47.5474, 7.58956, 'Basel SBB', '', 0, 0),
(80, 'Bd', 1, 51.595554351807, 4.7800002098083, 'Breda', 'Ddr-Ehv', 0, 1),
(81, 'Bda', 1, 51.5928, 4.75124, 'Breda aansl.', 'Rsd-Bd', 0, 1),
(82, 'Bde', 1, 50.896945953369, 5.7366666793823, 'Bunde', 'Mt-Std', 0, 1),
(83, 'Bdg', 1, 52.081390380859, 4.7461109161377, 'Bodegraven', 'Wd-Apn', 0, 1),
(84, 'Bdl', 1, 51.2476, 5.56462, 'Budel', 'Bdl-Vdpg', 0, 1),
(85, 'Bdlg', 1, 51.2473, 5.5554, 'Budel grens', 'Bdl-Vdpg', 0, 1),
(86, 'Bdm', 1, 53.3068857, 6.593054, 'Bedum', 'Gn-Dz', 0, 1),
(87, 'Bdpb', 1, 51.606388092041, 4.7208333015442, 'Breda-Prinsenbeek', 'Bd-Ddr', 0, 1),
(88, 'Berch', 3, 51.2001783, 4.4327702, 'Antwerpen-Berchem', 'Esn-Pars', 0, 1),
(89, 'Berend', 3, NULL, NULL, 'Berendrecht  (B)', 'Brus-Esn', 0, 0),
(90, 'Bern', 6, NULL, NULL, 'Bern (CH)', '', 0, 0),
(91, 'Berwal', 3, NULL, NULL, 'Berliwal (B)', 'Brus-Esn', 0, 0),
(92, 'Beto', 1, 51.5225, 5.37734, 'Best overloopwissels', 'Btl-Ehv', 0, 1),
(93, 'Bet', 1, 51.509998321533, 5.3891668319702, 'Best', 'Btl-Ehv', 0, 1),
(94, 'Bf', 1, 53.3608969, 6.5185581, 'Baflo', 'Gn-Rd', 0, 1),
(95, 'Bgk', 1, 51.6886, 5.90188, 'Beugen Kruispunt', 'Ah-Vl', 0, 1),
(96, 'Bgn', 1, 51.49388885498, 4.2961111068726, 'Bergen op Zoom', 'Rsd-Vs', 0, 1),
(97, 'Bgnphm', 50, 51.505, 4.30707, 'Bergen op Zoom racc. Philip Morris', 'Rsd-Vs', 0, 0),
(98, 'Bh', 2, 52.309685595156, 7.1585369110107, 'Bad Bentheim', 'Bh-Behbf', 0, 1),
(99, 'Bha', 1, 50.8696, 5.7164, 'Maastricht Beatrixhaven aansl.', 'A-Mt', 0, 1),
(100, 'Bhv', 1, 52.130001068115, 5.2038888931274, 'Bilthoven', 'Ut-Amf', 0, 1),
(101, 'Biasca', 7, NULL, NULL, 'Biasca (I)', '', 0, 0),
(102, 'Bk', 1, 50.947498321533, 5.7866668701172, 'Beek-Elsloo', 'Mt-Std', 0, 1),
(103, 'Bkd', 1, 52.159, 5.35021, 'Amersfoort Bokkeduinen', 'Asd-Amf', 0, 1),
(104, 'Bkda', 1, 52.1534, 5.36277, 'Amersfoort Bokkeduinen aansl.', 'Asd-Amf', 0, 1),
(105, 'Bkf', 1, 52.696109771729, 5.2527775764465, 'Bovenkarspel Flora', 'Zd-Ekz', 0, 1),
(106, 'Bkg', 1, 52.694999694824, 5.2377777099609, 'Bovenkarspel-Grootebroek', 'Zd-Ekz', 0, 1),
(107, 'Bkh', 1, 52.0734, 4.34035, 'Binckhorst', 'Gd-Gvc', 0, 1),
(108, 'Bkl', 1, 52.17149, 4.9906, 'Breukelen', 'Asd-Ut', 0, 1),
(109, 'Bkla', 1, 52.1655, 4.99133, 'Breukelen aansl.', 'Asd-Ut', 0, 1),
(110, 'Bkp', 1, 52.1136, 5.14197, 'Blauwkapel', 'Ut-Amf', 0, 1),
(111, 'Bl', 1, 52.854721069336, 6.5211110115051, 'Beilen', 'Mp-Gn', 0, 1),
(112, 'Blk', 97, NULL, NULL, 'Blaak', '', 0, 0),
(113, 'Bll', 1, 52.404167175293, 4.6275000572205, 'Bloemendaal', 'Hlm-Utg', 0, 1),
(114, 'Bln', 1, 52.1174, 5.14216, 'Blauwkapel-Noord', 'Hvs-Ln', 0, 1),
(115, 'Blo', 1, 52.1143, 5.14487, 'Blauwkapel-Oost', 'Ut-Amf', 0, 1),
(116, 'Bloa', 1, 52.1194, 5.16445, 'Blauwkapel-Oost aansl.', 'Ut-Amf', 0, 1),
(117, 'Blw', 1, 52.1127, 5.13762, 'Blauwkapel-West', 'Ut-Amf', 0, 1),
(118, 'Blz', 1, 52.1119, 5.14178, 'Blauwkapel-Zuid', 'Hvs-Ln', 0, 1),
(119, 'Bmbr', 1, 51.8224, 4.74183, 'Beneden Merwedebrug (Baanhoekbrug)', 'Gdm-Ddr', 0, 1),
(120, 'Bmn', 1, 52.091110229492, 6.1469445228577, 'Brummen', 'Ah-Zp', 0, 1),
(121, 'Bmr', 1, 51.644521767653, 5.9390330314636, 'Boxmeer', 'Ah-Zp', 0, 1),
(122, 'Bn', 1, 52.298889160156, 6.7480554580689, 'Borne', 'Aml-Hgl', 0, 1),
(123, 'Bnc', 1, 52.139999389648, 5.590277671814, 'Barneveld Centrum', 'Amf-Ed', 0, 1),
(124, 'Bnh', 97, NULL, NULL, 'Binnenhof (eindpunt)', '', 0, 0),
(125, 'Bnk', 1, 52.063056945801, 5.1944446563721, 'Bunnik', 'Ut-Ed', 0, 1),
(126, 'Bnn', 1, 52.161388397217, 5.5980553627014, 'Barneveld Noord', 'Amf-Ed', 0, 1),
(127, 'Bnva', 1, 52.1621, 5.59371, 'Barneveld aansl', 'Amf-Ed', 0, 1),
(128, 'Bobr', 1, 53.0507, 5.84146, 'Brug over de Boorn', 'Zl-Lw', 0, 1),
(129, 'Bochl', 2, NULL, NULL, 'Bochum Langendreer (D)', '', 0, 0),
(130, 'Bol', 1, 52.66, 4.80062, 'Broek op Langedijk brug', 'Hdr-Asd', 0, 1),
(131, 'Bologn', 7, NULL, NULL, 'Bologna (I)', '', 0, 0),
(132, 'Bolzan', 7, NULL, NULL, 'Bolzano (I)', '', 0, 0),
(133, 'Bon', 1, 51.0353, 5.80958, 'Born', 'Mt-Vl', 0, 1),
(134, 'Bonn', 2, 50.732014164675, 7.0971250534058, 'Bonn Hbf', 'Koln-Mil', 0, 0),
(135, 'Bot', 1, 51.8696, 4.31106, 'Botlek', 'Brd-Mvt', 0, 1),
(136, 'Botbr', 1, NULL, NULL, 'Brug over de Botlek', 'Brd-Mvt', 0, 1),
(137, 'Botth', 1, NULL, NULL, 'Botlek racc.Theemsweg', 'Bot-Bott', 0, 1),
(138, 'Bottha', 1, NULL, NULL, 'Botlek Theemsweg aansl.', 'Brd-Mvt', 0, 1),
(139, 'Bp', 1, 53.2564547, 6.1446496, 'Buitenpost', 'Lw-Gn', 0, 1),
(140, 'Br', 1, 51.372501373291, 6.1550002098083, 'Blerick', 'Vl-Ehv', 0, 1),
(141, 'Brauns', 2, NULL, NULL, 'Braunschweig (D)', 'Bh-Behbf', 0, 0),
(142, 'Brc', 97, NULL, NULL, 'Beurs Calandlijn', '', 0, 0),
(143, 'Brcup', 1, NULL, NULL, 'Betuweroute Centraal Uitwisselpunt', 'Kfhz-Zvbtwa', 0, 1),
(144, 'Brd', 1, 51.854721069336, 4.5533332824707, 'Barendrecht', 'Ddr-Rtd', 0, 1),
(145, 'Brda', 1, 51.865, 4.54379, 'Barendrecht aansl.', 'Ddr-Rtd', 0, 1),
(146, 'Brdl', 1, 53.0172, 5.85798, 'Brug over Het Deel', 'Zl-Lw', 0, 1),
(147, 'Brdv', 1, 51.8666, 4.53406, 'Barendrecht Vork', 'Brd-Mvt', 0, 1),
(148, 'Brdva', 1, NULL, NULL, 'Barendrecht vork aansl.', 'Brd-Mvt', 0, 1),
(149, 'Brdvno', 1, 51.9225, 6.01594, 'Betuweroute Duiven overloopwissels', 'Kfhz-Zvbtwa', 0, 1),
(150, 'Bre', 97, NULL, NULL, 'Beurs Erasmuslijn', '', 0, 0),
(151, 'Brech', 1, NULL, NULL, 'Betuweroute Echteld', 'Kfhz-Zvbtwa', 0, 1),
(152, 'Brect', 1, 51.3868, 6.12685, 'Blerick ECT', 'Vl-Ehv', 0, 1),
(153, 'Bremen', 2, 53.08348, 8.81383, 'Bremen Hbf (D)', 'Ihr-Kobn', 0, 0),
(154, 'Brenne', 7, NULL, NULL, 'Brennero (I)', '', 0, 0),
(155, 'Bressa', 7, NULL, NULL, 'Bressanone (I)', '', 0, 0),
(156, 'Bressx', 50, 50.64383, 5.61125, 'Bressoux (B)', 'Brex-Frj', 0, 0),
(157, 'Brgndo', 1, 51.8361, 4.82355, 'Betuweroute Giessendam overloopwissels', 'Kfhz-Zvbtwa', 0, 1),
(158, 'Brgro', 1, NULL, NULL, 'Betuweroute Gorinchem overloopwissels', 'Kfhz-Zvbtwa', 0, 1),
(159, 'Brig', 6, 46.31942, 7.98809, 'Brig (CH)', '', 0, 0),
(160, 'Brmet', 1, 51.8595, 5.27707, 'Betuweroute Meteren', 'Kfhz-Zvbtwa', 0, 1),
(161, 'Brn', 1, 52.208332061768, 5.2808332443237, 'Baarn', 'Asd-Amf', 0, 1),
(162, 'Brna', 1, 52.2026, 5.2905, 'Baarn aansl.', 'Asd-Amf', 0, 1),
(163, 'Bropo', 1, 51.9235, 5.61618, 'Betuweroute Opheusden overloopwissels', 'Kfhz-Zvbtwa', 0, 1),
(164, 'Brppd', 1, NULL, NULL, 'Betuweroute Papendrecht', 'Kfhz-Zvbtwa', 0, 1),
(165, 'Brusc', 3, 50.8454658, 4.3571135, 'Brussel-Centraal', 'Esn-Pars', 0, 1),
(166, 'Brusn', 3, 50.8605262, 4.3617873, 'Brussel-Noord', 'Esn-Pars', 0, 1),
(167, 'Brusz', 3, 50.8350108, 4.3345957, 'Brussel-Zuid/Midi', 'Esn-Pars', 0, 1),
(168, 'Brvalo', 1, NULL, NULL, 'Betuweroute Valburg oost', 'Kfhz-Zvbtwa', 0, 1),
(169, 'Brvalw', 1, 51.9069, 5.77576, 'Betuweroute Valburg west', 'Kfhz-Zvbtwa', 0, 1),
(170, 'Bsd', 1, 51.899444580078, 5.1944446563721, 'Beesd', 'Gdm-Ddr', 0, 1),
(171, 'Bsk', 1, 52.077777862549, 4.6469445228577, 'Boskoop', 'Gd-Apn', 0, 1),
(172, 'Bsmz', 1, 52.26583480835, 5.1630554199219, 'Bussum Zuid', 'Asd-Hvs', 0, 1),
(173, 'Btd', 1, 53.3158, 6.63642, 'Boterdiep', 'Gn-Dz', 0, 1),
(174, 'Btl', 1, 51.58433, 5.31912, 'Boxtel', 'Ht-Ehv', 0, 1),
(175, 'Bttrps', 2, NULL, NULL, 'Bottrop Sud (D)', '', 0, 0),
(176, 'Buende', 2, 52.202075, 8.573876, 'Bünde (Westf)', 'Bh-Behbf', 0, 0),
(177, 'Bunde', 2, 52.20207, 8.57404, 'Bunde (D)', 'Nsch - Wr', 0, 0),
(178, 'Bv', 1, 52.478332519531, 4.6566667556763, 'Beverwijk', 'Hlm-Utg', 0, 1),
(179, 'Bvhc', 1, 52.4811, 4.63413, 'Beverwijk Hoogovens Centraal', 'Bv-Bvhc', 0, 1),
(180, 'Bvhca', 1, 52.4774, 4.65463, 'Beverwijk Hoogovens Centraal aansl.', 'Bv-Bvhc', 0, 1),
(181, 'Bzl', 1, 51.480834960938, 3.9561111927033, 'Kapelle-Biezelinge', 'Rsd-Vs', 0, 1),
(182, 'Cas', 1, 52.545833587646, 4.6586112976074, 'Castricum', 'Amr-Asd', 0, 1),
(183, 'Chiass', 6, NULL, NULL, 'Chiasso (CH)', '', 0, 0),
(184, 'Chur', 6, NULL, NULL, 'Chur (CH)', '', 0, 0),
(185, 'Cirkel', 3, NULL, NULL, 'Cirkeldijk (B)', 'Brus-Esn', 0, 0),
(186, 'Ck', 1, 51.726682587905, 5.8742952346802, 'Cuijk', 'Nm-Vl', 0, 1),
(187, 'Cki', 1, 51.7423, 5.86615, 'Cuijk industrie-terrein', 'Nm-Vl', 0, 1),
(188, 'Cl', 1, 51.946666717529, 5.2269444465637, 'Culemborg', 'Ut-Gdm', 0, 1),
(189, 'Clb', 1, NULL, NULL, 'Calandbrug', 'Brd-Mvt', 0, 1),
(190, 'Cmb', 1, 52.2568, 5.16783, 'Crailoo magazijn bovenbouw', 'Asd-Zp', 0, 1),
(191, 'Co', 1, 52.663612365723, 6.7355556488037, 'Coevorden', 'Zl-Emn', 0, 1),
(192, 'Coa', 1, 52.6573, 6.73624, 'Coevorden aansl.', 'Zl-Emn', 0, 1),
(193, 'COB', 99, NULL, NULL, 'Ter beschikking chef onderhoudsbedrijf', '', 0, 0),
(194, 'Cog', 1, 52.6404, 6.73616, 'Coevorden grens', 'Co-Lar', 0, 1),
(195, 'CONWYZ', 99, NULL, NULL, 'Constructiewijziging', '', 0, 0),
(196, 'Cosb', 1, 52.6589, 6.73614, 'Coevorderstadsgracht', 'Zl-Emn', 0, 1),
(197, 'Cpb', 97, NULL, NULL, 'Capelsebrug (eindpunt)', '', 0, 0),
(198, 'Cpc', 97, NULL, NULL, 'Capelle Centrum', '', 0, 0),
(199, 'Cps', 1, 51.954166412354, 4.5841665267944, 'Capelle Schollevaar', 'Ut-Rtd', 0, 1),
(200, 'Crao', 1, 52.2483, 5.1697, 'Crailoo aansluiting oost', 'Asd-Zp', 0, 1),
(201, 'Craw', 1, 52.2628, 5.16406, 'Crailoo aansluiting west', 'Asd-Zp', 0, 1),
(202, 'Cs', 97, NULL, NULL, 'Centraal Station (eindpunt)', '', 0, 0),
(203, 'Cvm', 1, 50.876110076904, 6.0597224235535, 'Chevremont', 'Hrl-Krd', 0, 1),
(204, 'Da', 1, 52.4407702, 6.5759947, 'Daarlerveen', 'Mrb-Aml', 0, 1),
(205, 'DAGC', 99, NULL, NULL, 'Dagelijkse controle (24-uurs of 48-uurs controle)', '', 0, 0),
(206, 'DAGPLN', 99, NULL, NULL, 'Beschikbaar voor NSR logistiek dagplan', '', 0, 0),
(207, 'Db', 1, 52.065277099609, 5.25861120224, 'Driebergen-Zeist', 'Ut-Ed', 0, 1),
(208, 'Ddm', 1, 52.3386, 4.98393, 'De Diemen', 'Gpda-Asr', 0, 1),
(209, 'Ddn', 1, 52.259998321533, 6.7161111831665, 'Delden', 'Zp-Hgl', 0, 1),
(210, 'Ddnser', 1, 52.2522, 6.68562, 'Delden raccordement Servo', 'Zp-Hgl', 0, 1),
(211, 'Ddr', 1, 51.807220458984, 4.668333530426, 'Dordrecht', 'Bd-Rtd', 0, 1),
(212, 'Ddri', 1, 51.807, 4.73712, 'Dordrecht aansl. Industrieterrein De Staart', 'Gr-Ddr', 0, 1),
(213, 'Ddrs', 1, 51.801944732666, 4.7166666984558, 'Dordrecht Stadspolders', 'Gr-Ddr', 0, 1),
(214, 'Ddrsa', 1, 51.8035, 4.70249, 'Dordrecht Stadspolders aansl.', 'Gr-Ddr', 0, 1),
(215, 'Ddv', 1, 52.58774, 6.2244, 'Dedemsvaart', 'Zl-Lw', 0, 1),
(216, 'Ddzd', 1, 51.790000915527, 4.6713891029358, 'Dordrecht Zuid', 'Bd-Ddr', 0, 1),
(217, 'Dei', 1, 53.1888115, 5.7281572, 'Deinum', 'Hlg-Lw', 0, 1),
(218, 'Dgok', 1, 52.3744, 4.92934, 'Dijksgracht Kattenburg', 'Asd-Dvd', 0, 1),
(219, 'Dgr', 1, 52.3739, 4.92855, 'Dijksgracht', 'Asd-Dvd', 0, 1),
(220, 'Dgro', 1, 52.3712, 4.93305, 'Dijksgracht Oostzijde', 'Asd-Dvd', 0, 1),
(221, 'Dgrw', 1, 52.3755, 4.92308, 'Dijksgracht west', 'Asd-Dvd', 0, 1),
(222, 'Dh', 2, NULL, NULL, 'Dalheim (D)', 'Rm-Dh', 0, 0),
(223, 'Dhs', 1, 51.9222, 4.43719, 'Delfshavense Schiebrug', 'Gv-Rtd', 0, 1),
(224, 'Dhsa', 1, 51.9226, 4.44215, 'Delfshavense Schiebrug aansl.', 'Gv-Rtd', 0, 1),
(225, 'Dhv', 97, NULL, NULL, 'Delfshaven', '', 0, 0),
(226, 'Did', 1, 51.933502, 6.1324106, 'Didam', 'Ww-Ah', 0, 1),
(227, 'Dl', 1, 52.498332977295, 6.25861120224, 'Dalfsen', 'Zl-Emn', 0, 1),
(228, 'Dld', 1, 52.140277862549, 5.2427778244019, 'Den Dolder', 'Ut-Amf', 0, 1),
(229, 'Dln', 1, 52.69416809082, 6.7580556869507, 'Dalen', 'Zl-Emn', 0, 1),
(230, 'Dmn', 1, 52.34515, 4.967566, 'Diemen', 'Asd-Wp', 0, 1),
(231, 'Dmnz', 1, 52.330276489258, 4.9558334350586, 'Diemen Zuid', 'Wp-Dvd', 0, 1),
(232, 'Dmp', 1, 52.0485, 4.47766, 'Driemanspolder (Zoetermeer)', 'Ztm-ring', 0, 1),
(233, 'Dn', 1, 51.455833435059, 5.7888889312744, 'Deurne', 'Vl-Ehv', 0, 1),
(234, 'Dolm', 4, NULL, NULL, 'Dollands Moor (UK)', '', 0, 0),
(235, 'Dr', 1, 52.044998168945, 6.1030554771423, 'Dieren', 'Ah-Zl', 0, 1),
(236, 'Drh', 1, 52.442501068115, 4.6380553245544, 'Driehuis', 'Hlm-Utg', 0, 1),
(237, 'Drieh', 3, NULL, NULL, 'Driehoekstraat (B)', 'Esn-Pars', 0, 0),
(238, 'Drp', 1, 53.1778086, 5.6347411, 'Dronryp', 'Hlg-Lw', 0, 1),
(239, 'Dt', 1, 52.00666809082, 4.3563890457153, 'Delft', 'Gv-Rtd', 0, 1),
(240, 'Dta', 1, 52.0249, 4.33838, 'Delft aansl.', 'Gv-Rtd', 0, 1),
(241, 'Dtc', 1, 51.9585962, 6.2962148, 'Doetinchem', 'Ww-Zv', 0, 1),
(242, 'Dtch', 1, 51.9591413, 6.2598521, 'Doetinchem De Huet', 'Ww-Zv', 0, 1),
(243, 'Dtwa', 1, 52.0508, 4.48698, 'Delftsewallen (Zoetermeer)', 'Ztm-ring', 0, 1),
(244, 'Dtcp', 1, 51.990833282471, 4.3647222518921, 'Delft Campus', 'Gv-Rtd', 0, 1),
(245, 'Duisb', 2, 51.429778571332, 6.7759037017822, 'Duisburg Hbf', 'Zv-Koln', 0, 0),
(247, 'Dussel', 2, 51.220146, 6.793137, 'Düsseldorf Hbf', 'Zv-Koln', 0, 0),
(248, 'Dv', 1, 52.257499694824, 6.1605553627014, 'Deventer', 'Ah-Zl', 0, 1),
(249, 'Dvaw', 1, 52.3236, 4.9201, 'Duivendrecht aansl. west', 'Dvd-Rai', 0, 1),
(250, 'Dvaz', 1, 52.3197, 4.94061, 'Duivendrecht aansl.', 'Asd-Ut', 0, 1),
(251, 'Dvc', 1, 52.2502784729, 6.2144446372986, 'Deventer Colmschate', 'Dv-Aml', 0, 1),
(252, 'Dvd', 1, 52.323333740234, 4.9363889694214, 'Duivendrecht', 'Asd-Ut', 0, 1),
(253, 'Dvge', 1, 52.2561, 6.17316, 'Deventer goederenemplacement', 'Ah-Zl', 0, 1),
(254, 'Dvgea', 1, 52.2578, 6.18073, 'Deventer goederen aansl.', 'Ah-Zl', 0, 1),
(255, 'Dvn', 1, 51.943332672119, 6.0147223472595, 'Duiven', 'Ah-Dtc', 0, 1),
(256, 'Dvnk', 1, 52.147220611572, 4.4563889503479, 'De Vink', 'Ledn-Gv', 0, 1),
(257, 'Dwb', 1, 52.0744, 4.80956, 'Brug over de Dubbele Wiericke', 'Wd-Ledn', 0, 1),
(258, 'Dz', 1, 53.3336625, 6.9240797, 'Delfzijl', 'Gn-Dz', 0, 1),
(259, 'Dzt', 97, NULL, NULL, 'Dijkzigt', '', 0, 0),
(260, 'Dzw', 1, 53.3320834, 6.9069092, 'Delfzijl West', 'Gn-Dz', 0, 1),
(261, 'Ebtwa', 1, 51.89804, 5.85683, 'Elst Betuweroute-aansl.', 'Nm-Ah', 0, 1),
(262, 'Ec', 1, 51.100555419922, 5.8788890838623, 'Echt', 'Std-Vl', 0, 1),
(263, 'Ed', 1, 52.027778625488, 5.6730556488037, 'Ede-Wageningen', 'Ut-Ah', 0, 1),
(264, 'Edc', 1, 52.043609619141, 5.668333530426, 'Ede Centrum', 'Amf-Ed', 0, 1),
(265, 'Edf', 2, 50.78556, 6.15437, 'Eilendorf (D)', '', 0, 0),
(266, 'Edn', 1, 50.771945953369, 5.710000038147, 'Eijsden', 'Edng-Mt', 0, 1),
(267, 'Edng', 1, 50.7589, 5.70309, 'Eijsden grens', 'Edn-Mt', 0, 1),
(268, 'Edp', 97, NULL, NULL, 'Eendrachtsplein', '', 0, 0),
(269, 'Eem', 1, 53.458419, 6.832, 'Eemshaven', 'Swd-Rd', 0, 1),
(270, 'Efd', 1, 52.1635, 6.2232, 'Eefde', 'Zp-Glb', 0, 1),
(271, 'Egh', 1, 50.890556335449, 6.0450000762939, 'Eygelshoven', 'Krd-Hrl', 0, 1),
(272, 'Ehs', 1, 51.451110839844, 5.4558334350586, 'Eindhoven Strijp-S', 'Btl-Ehv', 0, 1),
(273, 'Ehst', 1, 51.44278, 5.46889, 'Eindhoven Stadion', 'Btl-Ehv', 0, 1),
(274, 'Ehv', 1, 51.443332672119, 5.4813890457153, 'Eindhoven Centraal', 'Bd-Ehv', 4, 1),
(275, 'Eker', 3, NULL, NULL, 'Ekerse Dijk (B)', 'Esn-Pars', 0, 0),
(276, 'Ekz', 1, 52.699165344238, 5.286388874054, 'Enkhuizen', 'Zd-Ekz', 0, 1),
(277, 'El', 2, 51.8743, 6.15417, 'Elten', 'Zv-Koln', 0, 1),
(278, 'Em', 2, 51.834283, 6.255718, 'Emmerich', 'Zv-Koln', 0, 1),
(279, 'Eml', 1, 52.301666259766, 5.6147222518921, 'Ermelo', 'Ut-Zl', 0, 1),
(280, 'Emn', 1, 52.790000915527, 6.8994445800781, 'Emmen', 'Zl-Emn', 0, 1),
(281, 'Emnakz', 1, 52.7743, 6.89953, 'Emmen Akzo aansl.', 'Zl-Emn', 0, 1),
(282, 'Emnb', 1, 52.7578, 6.8896, 'Emmen Bargeres', 'Zl-Emn', 0, 1),
(283, 'Erp', 1, NULL, NULL, 'Europoort', 'Brd-Mvt', 0, 1),
(284, 'Erpw', 1, NULL, NULL, 'Europoort West', 'Brd-Mvt', 0, 1),
(285, 'Es', 1, 52.222499847412, 6.8899998664856, 'Enschede', 'Hgl-Glb', 0, 1),
(286, 'Esd', 50, 52.2375, 6.83889, 'Enschede Drienerlo', 'Hgl-Glb', 0, 0),
(287, 'Ese', 1, 52.221389770508, 6.9511113166809, 'Enschede De Eschmarke', 'Es-G', 0, 1),
(288, 'Esn', 3, 51.46261, 4.45129, 'Essen (B)', 'Rsd-Atw', 0, 1),
(289, 'Est', 1, 51.916942596435, 5.8550000190735, 'Elst', 'Ah-Nm', 0, 1),
(290, 'Esta', 1, 51.9079, 5.85578, 'Elst aansl.', 'Ah-Nm', 0, 1),
(291, 'Etn', 1, 51.57500076294, 4.6358332633972, 'Etten-Leur', 'Rsd-Bd', 0, 1),
(292, 'Etni', 1, 51.5681, 4.60213, 'Etten-Leur Gem. industrieterrein', 'Rsd-Bd', 0, 1),
(293, 'Fffm', 2, 50.1071222, 8.6638338, 'Frankfurt (M) Hbf', 'Koln-Wen', 0, 0),
(294, 'Flb', 2, 50.382498, 8.096112, 'Limburg Süd', 'Koln-Wen', 0, 0),
(295, 'Fn', 1, 53.1824488, 5.5483094, 'Franeker', 'Hlg-Lw', 0, 1),
(297, 'Fnaf', 2, 50.053171029929, 8.570237159729, 'Frankfurt Flughafen Fernb', 'Koln-Wen', 0, 0),
(298, 'Fo', 1, NULL, NULL, 'Feijenoord', 'Ddr-Rtd', 0, 1),
(299, 'FOND', 99, NULL, NULL, 'Facultatief onderhoud', '', 0, 0),
(300, 'Fortez', 7, NULL, NULL, 'Fortezza (I)', '', 0, 0),
(301, 'Fsz', 3, NULL, NULL, 'Zelzate (B)', 'Fsz-Tnz', 0, 0),
(302, 'FTBVOND', 99, NULL, NULL, 'Facultatief ten bate van onderhoud', '', 0, 0),
(303, 'Fvs', 3, 50.73781, 5.69232, 'Visé', 'Edn-Brex', 0, 1),
(304, 'G', 2, 52.21521, 7.022109, 'Gronau (Westf.)', '', 0, 0),
(305, 'Gbg', 1, 52.60916519165, 6.6758332252502, 'Gramsbergen', 'Zl-Emn', 0, 1),
(306, 'Gbr', 1, 52.218612670898, 6.9744443893433, 'Glanerbrug', 'Es û G', 0, 1),
(307, 'Gd', 1, 52.017501831055, 4.7044444084167, 'Gouda', 'Ut-Rtd', 0, 1),
(308, 'Gdg', 1, 52.014999389648, 4.7408332824707, 'Gouda Goverwelle', 'Ut-Rtd', 0, 1),
(309, 'Gdk', 1, 52.47625, 6.56674, 'Geerdijk', 'Mrb-Aml', 0, 1),
(310, 'Gdm', 1, 51.88301, 5.27127, 'Geldermalsen', 'Ut-Ht', 0, 1),
(311, 'Gdma', 1, 51.8936, 5.26681, 'Geldermalsen aansl.', 'Ut-Btl', 0, 1),
(312, 'GDST', 99, NULL, NULL, 'Geen dienst', '', 0, 0),
(313, 'Gdw', 97, NULL, NULL, 'Gerdesiaweg', '', 0, 0),
(314, 'Gentzh', 3, NULL, NULL, 'Gent Zeehaven (B)', '', 0, 0),
(315, 'Gk', 1, 53.255740325573, 6.3097786903381, 'Grijpskerk', 'Lw-Gn', 0, 1),
(316, 'Gka', 1, 53.2556, 6.334, 'Grijpskerk aansl.', 'Lw-Gn', 0, 1),
(317, 'Gkd', 97, NULL, NULL, 'Graskruid', '', 0, 0),
(318, 'Gln', 1, 50.966945648193, 5.8430557250977, 'Geleen Oost', 'Std-Hrl', 0, 1),
(319, 'Gn', 1, 53.210556030273, 6.5647220611572, 'Groningen', 'Lw-Nsch', 0, 1),
(320, 'Gnbr', 1, NULL, NULL, 'Geinbrug', 'Asd-Zvg', 0, 1),
(321, 'Gnd', 1, 51.830554962158, 4.8358335494995, 'Hardinxveld-Giessendam', 'Gr-Ddr', 0, 1),
(322, 'Gne', 1, 53.2175, 6.5926, 'Groningen Eemskanaal', 'Hlg-Nsch', 0, 1),
(323, 'Gnl', 1, 53.2016, 6.59195, 'Groningen losplaats', 'Gn-Nsch', 0, 1),
(324, 'Gnn', 1, 53.2301469, 6.5563172, 'Groningen Noord', 'Gn-Dz', 0, 1),
(325, 'Go', 1, 52.230278015137, 6.5844445228577, 'Goor', 'Zp-Hgl', 0, 1),
(326, 'Gouvy', 3, NULL, NULL, 'Gouvy (B)', 'Brex-Frj', 0, 0),
(327, 'Gp', 1, 51.419723510742, 5.5505557060242, 'Geldrop', 'Ehv-Rm', 0, 1),
(328, 'Gpda', 1, 52.3291, 5.00566, 'Gaasperdammerweg aansl.', 'Asd-Zp', 0, 1),
(329, 'Gr', 1, 51.833889007568, 4.9683332443237, 'Gorinchem', 'Gdm-Ddr', 0, 1),
(330, 'Grbr', 1, 51.8114, 4.65063, 'Brug over de Oude Maas', 'Ddr-Rtd', 0, 1),
(331, 'Grs', 1, 53.2005, 5.82993, 'Brug o/d Greuns', 'Hlg-Nsch', 0, 1),
(332, 'Grvn', 1, 51.4413, 5.92497, 'Griendtsveen-overl.', 'Vl-Ehv', 0, 1),
(333, 'Gs', 1, 51.498054504395, 3.8905556201935, 'Goes', 'Rsd-Vs', 0, 1),
(334, 'Gv', 1, 52.069721221924, 4.3225002288818, 'Den Haag HS', 'Ledn-Rtd', 0, 1),
(335, 'Gvc', 1, 52.080276489258, 4.3249998092651, 'Den Haag Centraal', 'Gd-Gvc', 4, 1),
(336, 'Gvm', 1, 52.090557098389, 4.3694443702698, 'Den Haag Mariahoeve', 'Ledn-Gv', 0, 1),
(337, 'Gvmw', 1, 52.053890228271, 4.3086109161377, 'Den Haag Moerwijk', 'Gv-Rtd', 0, 1),
(338, 'Gvw', 97, NULL, NULL, 'Remise s-Gravenweg', '', 0, 0),
(339, 'Gw', 1, 53.088890075684, 5.8225002288818, 'Grou-Jirnsum', 'Zl-Lw', 0, 1),
(340, 'Gwb', 1, 52.1145, 4.67248, 'Gouwebrug bij Alphen a/d Rijn', 'Wd-Apn', 0, 1),
(341, 'Gwbr', 1, 52.019, 4.68187, 'Gouwebrug richting Waddinxveen', 'Gd-Rtd', 0, 1),
(342, 'Gwt', 1, 52.1602, 4.47767, 'Brug o/h Galgewater', 'Apn-Ledn', 0, 1),
(343, 'Gz', 1, 51.583610534668, 4.9261112213135, 'Gilze-Rijen', 'Bd-Ehv', 0, 1),
(344, 'Gzve', 50, 51.58593, 4.90437, 'Gilze-Rijen racc. Vijf Eiken', 'Bd-Ehv', 0, 1),
(345, 'Gzvea', 50, 51.58636, 4.90796, 'Gilze-Rijen racc. Vijf Eiken aansl.', 'Bd-Ehv', 0, 1),
(346, 'Ha', 1, 51.5, 3.81373, '\'s Heer-Arendskerke', 'Rsd-Vs', 0, 1),
(347, 'Had', 1, 52.35916519165, 4.6066665649414, 'Heemstede-Aerdenhout', 'Hlm-Ledn', 0, 1),
(348, 'Hagen', 2, 51.362747, 7.460249, 'Hagen Hbf', '', 0, 0),
(349, 'Hamh', 2, 53.55264, 10.00671, 'Hamburg Hbf (D)', 'Ihr-Kobn', 0, 0),
(350, 'Hamm', 2, 51.678078, 7.807821, 'Hamm (Westf.)', 'Rhei-Hah', 0, 0),
(351, 'Han', 1, 50.8907, 6.07048, 'Haanrade', 'Std-Han', 0, 1),
(352, 'Hang', 1, 50.8803, 6.08555, 'Haanrade grens', 'Han-A', 0, 1),
(353, 'Hann', 2, 52.3770401, 9.7416759, 'Hannover Hbf', 'Bh-Behbf', 0, 0),
(354, 'Har', 1, 52.0517, 5.46628, 'De Haar aansl.', 'Ut-Ah', 0, 1),
(355, 'Hb', 1, 50.905555725098, 5.9305553436279, 'Hoensbroek', 'Std-Hrl', 0, 1),
(356, 'Hd', 1, 52.337501525879, 5.619722366333, 'Harderwijk', 'Amf-Zl', 0, 1),
(357, 'Hdb', 1, 52.572776794434, 6.6286110877991, 'Hardenberg', 'Zl-Emn', 0, 1),
(358, 'Hde', 1, 52.4091682, 5.893611, '\'t Harde', 'Amf-Zl', 0, 1),
(359, 'Hdg', 1, 53.2187783, 5.934543, 'Hurdegaryp', 'Lw-Gn', 0, 1),
(360, 'Hdl', 1, 51.7496, 5.27312, 'Hedel', 'Ut-Btl', 0, 1),
(361, 'Hdp', 1, 53.2128, 6.48936, 'Hoendiep', 'Hlg-Nsch', 0, 1),
(362, 'Hdr', 1, 52.955276489258, 4.7611112594605, 'Den Helder', 'Hdr-Amr', 0, 1),
(363, 'Hdrz', 1, 52.932498931885, 4.7641668319702, 'Den Helder Zuid', 'Hdr-Amr', 0, 1),
(364, 'Hea', 1, 52.5066, 6.14016, 'Herfte aansl.', 'Zl-Lw', 0, 1),
(365, 'Hfd', 1, 52.293334960938, 4.7005553245544, 'Hoofddorp', 'Shl-Ledn', 0, 1),
(366, 'Hfde', 1, 52.2738, 4.66703, 'Hoofddorp Emplacement', 'Shl-Ledn', 0, 1),
(367, 'Hfdea', 1, NULL, NULL, 'Hoofddorp Emplacement aansl.', 'Shl-Ledn', 0, 1),
(368, 'Hfdm', 1, 52.2847, 4.6826, 'Hoofddorp Midden', 'Shl-Ledn', 0, 1),
(369, 'Hfdo', 1, 52.2844, 4.68346, 'Hoofddorp opstel', 'Shl-Ledn', 0, 1),
(370, 'Hg', 50, 52.3776, 4.61659, 'Haarlem goederenstation', 'Hlm-Ledn', 0, 0),
(371, 'Hgbr', 1, 52.6949, 6.19878, 'Brug over de Hoogeveense-vaart', 'Zl-Lw', 0, 1),
(372, 'Hgl', 1, 52.261665344238, 6.7938890457153, 'Hengelo', 'Aml-Es', 0, 1),
(373, 'Hglo', 1, 52.268890380859, 6.8194446563721, 'Hengelo Oost', 'Hgl-Odz', 0, 1),
(374, 'Hgv', 1, 52.733890533447, 6.4736108779907, 'Hoogeveen', 'Mp-Gn', 0, 1),
(375, 'Hgwbr', 1, 52.0175, 4.68268, 'Hoge Gouwebrug Gouda', 'Gd-Rtd', 0, 1),
(376, 'Hgz', 1, 53.159818131676, 6.7707538604736, 'Hoogezand-Sappemeer', 'Gn-Nsch', 0, 1),
(377, 'Hil', 1, 52.302501678467, 4.5655555725098, 'Hillegom', 'Hlm-Ledn', 0, 1),
(378, 'HIP', 99, NULL, NULL, 'Herinstructie personeel', '', 0, 0),
(379, 'Hk', 1, 52.495277404785, 4.6869444847107, 'Heemskerk', 'Hlm-Utg', 0, 1),
(380, 'Hkb', 1, 51.1706, 6.06173, 'Herkenbosch', 'Rm-Dh', 0, 1),
(381, 'Hks', 1, 52.69055557251, 5.1838889122009, 'Hoogkarspel', 'Zd-Ekz', 0, 1),
(382, 'Hlba', 1, 51.94079, 4.4711, 'Hillegersberg-aansl.', 'Ut-Rtd', 0, 1),
(383, 'Hld', 1, 51.97528, 4.12889, 'Hoek van Holland Haven', 'Sdm-Hlds', 0, 1),
(384, 'Hlds', 1, 51.98167, 4.11972, 'Hoek van Holland Strand', 'Sdm-Hlds', 0, 1),
(385, 'Hlg', 1, 53.1704205, 5.4251932, 'Harlingen', 'Hlg-Lw', 0, 1),
(386, 'Hlga', 1, 53.1708, 5.41565, 'Harlingen aansl.', 'Hlg-Lw', 0, 1),
(387, 'Hlge', 1, 53.1717, 5.41248, 'Harlingen goederenemplacement', 'Hlg-Lw', 0, 1),
(388, 'Hlgh', 1, 53.174917, 5.4112885, 'Harlingen Haven', 'Hlg-Lw', 0, 1),
(389, 'Hlm', 1, 52.38777923584, 4.6383333206177, 'Haarlem', 'Asd-Ledn', 0, 1),
(390, 'Hlmkr', 1, 52.3879, 4.62443, 'Haarlemkruis', 'Hlm verb', 0, 1),
(391, 'Hlms', 1, 52.382778167725, 4.6730556488037, 'Haarlem Spaarnwoude', 'Asd-Ledn', 0, 1),
(392, 'Hlmvam', 1, 52.3825, 4.65869, 'Haarlem goederenstation racc. VAM', 'Asd-Ledn', 0, 1),
(393, 'Hlmwph', 1, 52.382, 4.65631, 'Haarlem werkplaats', 'Asd-Ledn', 0, 1),
(394, 'Hln', 1, 51.2278, 5.94815, 'Haelen', 'Bdl-Vdpg', 0, 1),
(395, 'Hlo', 1, 52.599445343018, 4.7005553245544, 'Heiloo', 'Amr-Asd', 0, 1),
(396, 'Hm', 1, 51.475555419922, 5.6619443893433, 'Helmond', 'Vl-Ehv', 0, 1),
(397, 'Hmbh', 1, 51.47068, 5.70177, 'Helmond Brouwhuis', 'Vl-Ehv', 0, 1),
(398, 'Hmh', 1, 51.46794, 5.63085, 'Helmond \'t Hout', 'Vl-Ehv', 0, 1),
(399, 'Hmla', 1, 52.104, 4.95177, 'Harmelen aansl.', 'Ut-Wd', 0, 1),
(400, 'Hmlba', 1, 52.1116, 4.96391, 'Harmelen-Breukelen aansl.', 'Ut-Wd', 0, 1),
(401, 'Hmlva', 1, 52.1058, 4.97368, 'Harmelen-Vleuten aansl.', 'Ut-Wd', 0, 1),
(402, 'Hmn', 1, 51.9222129, 5.6737254, 'Hemmen-Dodewaard', 'Est-Gdm', 0, 1),
(403, 'Hmt', 3, NULL, NULL, 'Hamont (B)', 'Bdl-Vdpg', 0, 0),
(404, 'Hmta', 1, 52.3986, 4.80325, 'Hemtunnel aansl.', 'Zd-Sgra', 0, 1),
(405, 'Hn', 1, 52.644721984863, 5.0555553436279, 'Hoorn', 'Zd-Ekz', 0, 1),
(406, 'Hna', 1, 52.6451, 5.04643, 'Hoorn aansl.', 'Zd-Ekz', 0, 1),
(407, 'Hnk', 1, 52.653610229492, 5.0855555534363, 'Hoorn Kersenboogerd', 'Zd-Ekz', 0, 1),
(408, 'Hnko', 1, 52.65843, 5.09403, 'Hoorn Kersenboogerd Opstelterrein', 'Zd-Ekz', 0, 1),
(409, 'Hno', 1, 52.427223205566, 6.2211112976074, 'Heino', 'Zl-Wdn', 0, 1),
(410, 'Hnp', 1, 52.9464903, 5.423063, 'Hindeloopen', 'Lw-Stv', 0, 1),
(411, 'Hon', 1, 52.283889770508, 6.42027759552, 'Holten', 'Dv-Aml', 0, 1),
(412, 'Hor', 1, 52.17777633667, 5.1791667938232, 'Hollandsche Rading', 'Hvs-Ut', 0, 1),
(413, 'Hr', 1, 52.961387634277, 5.9141664505005, 'Heerenveen', 'Zl-Lw', 0, 1),
(414, 'Hrl', 1, 50.89083480835, 5.9749999046326, 'Heerlen', 'Std-Han', 0, 1),
(415, 'Hrla', 1, 50.8961, 5.95789, 'Heerlen aansl.', 'Std-Han', 0, 1),
(416, 'Hrm', 1, 53.1851, 5.77386, 'Brug over het Harinxmakanaal', 'Hlg-Nsch', 0, 1),
(417, 'Hrmk', 1, 53.1851, 5.77386, 'Brug over het Harinxmakanaal', 'Zl-Lw', 0, 1),
(418, 'Hrn', 1, 53.176109313965, 6.6172223091125, 'Haren', 'Mp-Gn', 0, 1),
(419, 'Hrna', 1, 53.1729, 6.61936, 'Haren aansl.', 'Mp-Gn', 0, 1),
(420, 'Hrp', 1, 52.39928, 4.79037, 'Houtrakpolder', 'Zd-Sgra', 0, 1),
(421, 'Hrpa', 1, 52.38991, 4.81678, 'Houtrakpolder aansl.', 'Zd-Sgra', 0, 1),
(422, 'Hrt', 1, 51.426387786865, 6.0422220230103, 'Horst-Sevenum', 'Vl-Ehv', 0, 1),
(423, 'Hry', 1, 52.935276031494, 5.9438886642456, 'Heerenveen IJsstadion', 'Zl-Lw', 0, 1),
(424, 'Hsbda', 1, 51.5939, 4.74051, 'HSL-Breda aansl.', 'Asd-Paris', 0, 1),
(425, 'Hsbdg', 1, 51.4859, 4.73461, 'HSL-Breda grens', 'Asd-Paris', 0, 1),
(426, 'Hsbdgo', 1, 51.4985, 4.73962, 'HSL-Breda grens overloopwissels', 'Asd-Paris', 0, 1),
(427, 'Hsbrdo', 1, 51.8486, 4.56134, 'HSL-Barendrecht overloopwissels', 'Asd-Paris', 0, 1),
(428, 'Hsght', 1, 52.1248, 4.55246, 'HSL-Groene harttunnel', 'Asd-Paris', 0, 1),
(429, 'Hsghtn', 1, 52.1591, 4.55667, 'HSL-Groene harttunnel noord', 'Asd-Paris', 0, 1),
(430, 'Hsghtz', 1, 52.0932, 4.56465, 'HSL-Groene harttunnel zuid', 'Asd-Paris', 0, 1),
(431, 'Hshfdo', 1, 52.2715, 4.66416, 'HSL-Hoofddorp overloopwissels', 'Asd-Paris', 0, 1),
(432, 'Hshmdo', 1, 52.198, 4.61189, 'HSL-Hoogmade overloopwissels', 'Asd-Paris', 0, 1),
(433, 'Hsp', 97, NULL, NULL, 'Hesseplaats', '', 0, 0),
(434, 'Hsrtdt', 1, 51.9517, 4.45549, 'HSL-Rotterdam tunnel', 'Asd-Paris', 0, 1),
(435, 'Hsrtdv', 1, 52.0367, 4.52611, 'HSL-Rotterdam viaduct', 'Asd-Paris', 0, 1),
(436, 'Hstdk', 1, 51.73764, 4.62936, 'HSL-Tunnel Dordtse Kil', 'Asd-Paris', 0, 1),
(437, 'Hstom', 1, 51.80718, 4.58782, 'HSL-Tunnel Oude Maas', 'Asd-Paris', 0, 1),
(438, 'Hsvbw', 1, 52.0144, 4.51109, 'HSL-Viaduct bij Bleiswijk', 'Asd-Paris', 0, 1),
(439, 'Hsvhd', 1, 51.7188, 4.64402, 'HSL-Viaduct Hollandsch Diep', 'Asd-Paris', 0, 1),
(440, 'Hszha', 1, 51.6479, 4.69225, 'HSL-Zevenbergschen Hoek aansl.', 'Asd-Paris', 0, 1),
(441, 'Ht', 1, 51.69048, 5.29362, '\'s-Hertogenbosch', 'Ut-Btl', 0, 1),
(442, 'Htda', 1, 51.6992, 5.29778, '\'s-Hertogenbosch Diezebrug aansl.', 'Ut-Btl', 0, 1),
(443, 'Htn', 1, 52.03402, 5.16821, 'Houten', 'Ut-Gdm', 0, 1),
(444, 'Htnc', 1, 52.01701, 5.17949, 'Houten Castellum', 'Ut-Gdm', 0, 1),
(445, 'Hto', 1, 51.700553894043, 5.3183331489563, '\'s-Hertogenbosch Oost', 'Ht-Nm', 0, 1),
(446, 'Hvbr', 1, 51.9184, 4.24938, 'Havenbrug Maassluis', 'Sdm-Hlds', 0, 1),
(447, 'Hvs', 1, 52.225833892822, 5.1819443702698, 'Hilversum', 'Asd-Amf', 0, 1),
(448, 'Hvsn', 50, 52.23806, 5.17389, 'Hilversum Noord', 'Asd-Hvs', 0, 0),
(449, 'Hvsp', 1, 52.216110229492, 5.1872220039368, 'Hilversum Sportpark', 'Hvs-Ut', 0, 1),
(450, 'Hvt', 97, NULL, NULL, 'Hoogvliet', '', 0, 0),
(451, 'Hvvb', 1, 52.7166, 6.84759, 'Hoogeveensevaartbrug', 'Zl-Emn', 0, 1),
(452, 'Hw', 1, 52.38704, 4.74041, 'Halfweg', 'Hlm-Ledn', 0, 1),
(453, 'Hwd', 1, 52.669723510742, 4.8227777481079, 'Heerhugowaard', 'Hdr-Amr', 0, 1),
(454, 'Hz', 2, 50.870916, 6.094486, 'Herzogenrath', 'Han-A', 0, 0),
(455, 'Hze', 1, 51.384998321533, 5.5694446563721, 'Heeze', 'Ehv-Rm', 0, 1),
(456, 'Hzl', 1, 51.6859, 4.74829, 'Hooge Zwaluwe', 'Zlw-Ddr', 0, 1),
(457, 'Ihr', 2, 53.16536, 7.44764, 'Ihrhove (D)', 'Ihr û Kobn', 0, 0),
(458, 'IJbrzl', 50, 52.4903, 6.06171, 'IJsselbrug Zwolle', 'Ut-Zl', 0, 1),
(459, 'IJbww', 1, 51.9694, 5.95934, 'IJsselbrug Westervoort', 'Asd-Zvg', 0, 1),
(460, 'IJbz', 1, 52.1434, 6.18845, 'IJsselbrug bij Zutphen', 'Ah-Zl', 0, 1),
(461, 'IJbza', 1, 52.1416, 6.18013, 'IJsselbrug aansl. bij Zutphen', 'Ah-Zl', 0, 1),
(462, 'IJm', 1, 52.4601, 4.59518, 'IJmuiden', 'Sptn-Ijm', 0, 1),
(463, 'IJmc', 1, NULL, NULL, 'IJmuiden Casembrootstraat', 'Sptn-Ijm', 0, 1),
(464, 'IJsm', 1, NULL, NULL, 'IJsselmonde', 'Ddr-Rtd', 0, 1),
(465, 'IJsma', 1, NULL, NULL, 'IJselmonde aansl.', 'Ddr-Rtd', 0, 1),
(466, 'IJssa', 98, NULL, NULL, 'Achterveld (SU)', '', 0, 0),
(467, 'IJssc', 98, NULL, NULL, 'Clinkhoeff (SU)', '', 0, 0),
(468, 'IJsse', 98, NULL, NULL, 'Eiteren (SU)', '', 0, 0),
(469, 'IJssh', 98, NULL, NULL, 'Hooghe Waerd (SU)', '', 0, 0),
(470, 'Ijt', 1, 53.0146614, 5.6160801, 'IJlst', 'Lw-Stv', 0, 1),
(471, 'Irun', 4, NULL, NULL, 'Irun (UK)', '', 0, 0),
(472, 'Jenbac', 9, 47.38844, 11.77841, 'Jenbach', '', 0, 0),
(473, 'Kob', 8, NULL, NULL, 'Kobenhavn Hovedb (DK)', '', 0, 0),
(474, 'Karlsr', 2, 48.9936223, 8.400743, 'Karlsruhe Hbf', 'Koln-Mil', 0, 0),
(475, 'Kbd', 1, 51.433334350586, 4.1169443130493, 'Krabbendijke', 'Rsd-Vs', 0, 1),
(476, 'Kbk', 1, 52.17805480957, 6.0836110115051, 'Klarenbeek', 'Apd-Zp', 0, 1),
(477, 'Kbw', 1, 52.45861, 4.80556, 'Koog Bloemwijk', 'Utg-Asd', 0, 1),
(478, 'Kdr', 2, 50.8094, 6.48203, 'Düren (D)', 'Ahbf-Khb', 0, 0),
(479, 'Kfhan', 1, 51.8418, 4.57617, 'Kijfhoek aansl. Noord', 'Ddr-Rtd', 0, 1),
(480, 'Kfhaz', 1, 51.8223, 4.62439, 'Kijfhoek aansl. Zuid', 'Ddr-Rtd', 0, 1),
(481, 'Kfhn', 1, 51.8354, 4.58894, 'Kijfhoek noord', 'Ddr-Rtd', 0, 1),
(482, 'Kfhz', 1, 51.827, 4.60881, 'Kijfhoek zuid', 'Ddr-Rtd', 0, 1),
(483, 'Kg', 1, 52.7041, 6.31506, 'Koekange', 'Mp-Gn', 0, 1),
(484, 'Kgs', 1, 52.9023, 4.78768, 'Koegrasbrug', 'Hdr-Asd', 0, 1),
(485, 'Khb', 2, NULL, NULL, 'Heimbach (D)', 'Ahbf-Khb', 0, 0),
(486, 'Kink', 3, NULL, NULL, 'Kinkempois (B)', 'Brex-Frj', 0, 0),
(487, 'Kitzbu', 9, NULL, NULL, 'Kitzbuhel (A)', '', 0, 0),
(488, 'Kkd', 2, 50.940874, 6.975001, 'Köln Messe/Deutz', 'Koln-Mil', 0, 0),
(489, 'Klagen', 9, NULL, NULL, 'Klagenfurt (A)', '', 0, 0),
(490, 'Klp', 1, 52.045833587646, 5.5738887786865, 'Veenendaal-De Klomp', 'Ut-Ah', 0, 1),
(491, 'Klz', 97, NULL, NULL, 'Kralingse Zoom (eindpunt)', '', 0, 0),
(492, 'Kma', 1, 52.49511, 4.75417, 'Krommenie-Assendelft', 'Utg-Asd', 0, 1),
(493, 'Kmb', 2, 50.44484, 7.82533, 'Montabaur (D)', 'Koln-Wen', 0, 0),
(494, 'Kmr', 1, 50.866390228271, 5.8905553817749, 'Klimmen-Ransdaal', 'Mt-Hrl', 0, 1),
(495, 'Kmw', 1, 52.9028197, 5.4106913, 'Koudum-Molkwerum', 'Lw-Stv', 0, 1),
(496, 'Kn', 2, 51.327184, 6.203225, 'Kaldenkirchen', 'Vl-Mcgb', 0, 0),
(497, 'Kohl', 2, 50.83173, 6.07449, 'Kohlscheid (D)', 'Han-A', 0, 0),
(498, 'Koln', 2, 50.9432158, 6.9589214, 'Köln Hbf', 'Koln-Mil', 0, 0),
(499, 'Kpn', 1, 52.559722900391, 5.9216666221619, 'Kampen', 'Zl-Kpn', 0, 1),
(500, 'Kr', 1, 52.9788, 5.46537, 'Het Klifrak', 'Lw-Stv', 0, 1),
(501, 'Krag', 1, NULL, NULL, 'de Kragge', 'Rsd-Vs', 0, 1),
(502, 'Kraga', 1, 51.50954, 4.34664, 'de Kragge-aansl', 'Rsd-Vs', 0, 1),
(503, 'Krd', 1, 50.861667633057, 6.0574998855591, 'Kerkrade Centrum', 'Hrl-Krd', 0, 1),
(504, 'Krg', 1, 51.465000152588, 4.0372223854065, 'Kruiningen-Yerseke', 'Rsd-Vs', 0, 1),
(505, 'Sph', 1, 50.85355, 6.02578, 'Spekholzerheide', 'Hrl-Krd', 0, 1),
(506, 'Ksb', 2, 50.7939411, 7.2030017, 'Siegburg/Bonn', 'Koln-Wen', 0, 0),
(507, 'Ktr', 1, 51.9313869, 5.5833465, 'Kesteren', 'Est-Gdm', 0, 1),
(508, 'Kufst', 9, 47.5831, 12.16568, 'Kufstein', '', 0, 0),
(509, 'Kv', 1, 52.2969, 5.08553, 'Keverdijk', 'Asd-Zp', 0, 1),
(510, 'Kw', 1, 53.1617362, 6.7220882, 'Kropswolde', 'Gn-Nsch', 0, 1),
(511, 'KWB', 99, NULL, NULL, 'Kuilwielenbank', '', 0, 0),
(512, 'Kwda', 50, 52.5124, 6.07575, 'Katwolde aansl.', 'Zl-Kpn', 0, 0),
(513, 'Kzd', 1, 52.46917, 4.805, 'Koog-Zaandijk', 'Utg-Asd', 0, 1),
(514, 'Laa', 1, 52.078609466553, 4.3427777290344, 'Den Haag Laan v NOI', 'Ledn-Gv', 0, 1),
(515, 'Lak', 50, 52.0744, 5.1343, 'Lunetten aansl/kruis', 'Ut-Gdm', 0, 0),
(516, 'Lar', 2, NULL, NULL, 'Laarwald (D)', 'Co-Lar', 0, 0),
(517, 'Lc', 1, 52.166667938232, 6.4263887405395, 'Lochem', 'Zp-Hgl', 0, 1),
(518, 'Ld', 1, 52.1561, 4.47921, 'Leiden goederen', 'Apn-Ledn', 0, 1),
(519, 'Ldd', 1, 52.0738, 4.38557, 'Werkpl. Leidschendam', 'Rth-Gvc', 0, 1),
(520, 'Ldl', 1, 52.146945953369, 4.4924998283386, 'Leiden Lammenschans', 'Apn-Ledn', 0, 1),
(521, 'Ldm', 1, 51.894721984863, 5.0913887023926, 'Leerdam', 'Gdm-Ddr', 0, 1),
(522, 'Ldv', 1, 52.0773, 4.38292, 'Leidschendam-Voorburg', 'Rth-Gvc', 0, 1),
(523, 'Ldva', 1, 52.0627, 4.4033, 'Leidschendam-Voorburg aansl.', 'Rth-Gvc', 0, 1),
(524, 'Ledn', 1, 52.166110992432, 4.4816665649414, 'Leiden Centraal', 'Asd-Gv', 0, 1),
(525, 'Leer', 2, 53.23165, 7.465283, 'Leer (Ostfriesl)', 'Ihr-Kobn', 0, 0),
(526, 'Lek', 1, 51.9606, 5.21338, 'Lekbrug', 'Ut-Btl', 0, 1),
(527, 'Leuven', 3, 50.88136, 4.71568, 'Leuven', 'Brn-Luik', 0, 1),
(528, 'Ley', 1, 52.072, 4.49486, 'De Leyens (Zoetermeer)', 'Ztm-ring', 0, 1),
(529, 'Lg', 1, 50.896389007568, 6.019166469574, 'Landgraaf', 'Hrl-Han', 0, 1),
(530, 'Lhv', 97, NULL, NULL, 'Leuvehaven', '', 0, 0),
(531, 'Lin', 50, 51.15941, 5.9558, 'Linne aansl.', 'Mt-Vl', 0, 0),
(532, 'Linz', 9, NULL, NULL, 'Linz Hbf (A)', '', 0, 0),
(533, 'Lis', 1, 52.2764, 4.53727, 'Lisse', 'Hlm-Ledn', 0, 1),
(534, 'Lls', 1, 52.507778167725, 5.4727778434753, 'Lelystad Centrum', 'Wp-Lls', 0, 1),
(535, 'Llso', 1, 52.5492, 5.49909, 'Lelystad opstelterrein', 'Wp-Lls', 0, 1),
(536, 'Llsow', 1, 52.5483, 5.4945, 'Lelystad overloopwissels', 'Wp-Lls', 0, 1),
(537, 'Llsz', 1, 52.4865, 5.46814, 'Lelystad Zuid', 'Wp-Lls', 0, 1),
(538, 'Llszo', 1, 52.4782, 5.4557, 'Lelystad Zuid overloopwissels', 'Wp-Lls', 0, 1),
(539, 'LLT', 99, NULL, NULL, 'Losse loc trein (geen treinnummer bekend)', '', 0, 0),
(540, 'Ln', 50, 52.0735, 5.13476, 'Lunetten', 'Ut-Gdm', 0, 0),
(541, 'Lng', 1, 51.1593, 5.95042, 'Linne Grinderij', 'Lin-Rmlv', 0, 1),
(542, 'Lnp', 3, NULL, NULL, 'Neerpelt (B)', 'Bdl-Vdpg', 0, 0),
(543, 'Lp', 1, 53.3347145, 6.7472625, 'Loppersum', 'Gn-Dz', 0, 1),
(544, 'Lpe', 1, 51.539, 5.36237, 'Liempde', 'Bd-Ehv', 0, 1),
(545, 'Lr', 1, 52.1706, 6.32725, 'Laren-Almen', 'Zp-Glb', 0, 1),
(546, 'Ltm', 1, 51.4376, 6.13071, 'Lottum', 'Ah-Vl', 0, 1),
(547, 'Ltn', 1, 52.085277557373, 5.6244444847107, 'Lunteren', 'Amf-Ed', 0, 1),
(548, 'Ltv', 1, 52.01188, 6.59641, 'Lichtenvoorde-Groenlo', 'Zp-Ww', 0, 1),
(549, 'Luik', 50, 50.62436, 5.56648, 'Liège-Guillemins (B)', 'Brex-Frj', 0, 0),
(550, 'Luikj', 50, 50.64047, 5.56188, 'Liège-Carré (Luik-Carré) (B)', 'Brex-Frj', 0, 0),
(551, 'Luikp', 50, 50.64642, 5.57055, 'Liège-Saint-Lambert (Luik-Sint-Lambertus) (B)', 'Brex-Frj', 0, 0),
(552, 'Lut', 1, 50.975555419922, 5.8247222900391, 'Geleen-Lutterade', 'Mt-Std', 0, 1),
(553, 'Luta', 1, 50.9836, 5.83605, 'Lutterade aansl.', 'Mt-Std', 0, 1),
(554, 'Lutdsm', 1, 50.9715, 5.81234, 'Lutterade racc. DSM', 'Mt-Std', 0, 1),
(555, 'Lux', 10, NULL, NULL, 'Luxembourg (L)', 'Brex-Frj', 0, 0),
(556, 'Lw', 1, 53.195835113525, 5.7922220230103, 'Leeuwarden', 'Hlg-Gn', 0, 1),
(557, 'Lwat', 4, NULL, NULL, 'London Waterloo (UK)', '', 0, 0),
(558, 'Lwc', 1, 53.2021808, 5.8422968, 'Leeuwarden Camminghaburen', 'Lw-Gn', 0, 1),
(559, 'Lwsks', 50, 53.1928, 5.76646, 'Leeuwarden racc. Schenkenschans', 'Hlg-Gn', 0, 0),
(560, 'Mabr', 1, 51.6244, 4.59329, 'Markbrug', 'Zlw-Rsd', 0, 1),
(561, 'Mannhe', 2, 49.479354, 8.468921, 'Mannheim Hbf', 'Koln-Mil', 0, 0),
(562, 'Maria', 3, 51.29126, 4.43495, 'Sint-Mariaburg', 'Esn-Pars', 0, 1),
(563, 'Marne', 5, 48.86826, 2.78218, 'Marne-la-Vallée-Chessy', 'Brus-Par', 0, 0),
(564, 'Mas', 1, 52.135276794434, 5.0336112976074, 'Maarssen', 'Dvd-Ut', 0, 1),
(565, 'Mbga', 1, 52.3099, 5.07495, 'Muiderberg aansl.', 'Wp-Lls', 0, 1),
(566, 'Mbh', 50, 51.7401, 5.27421, 'Maasbrug Hedel', 'Ut-Btl', 0, 0),
(567, 'Mbrvo', 1, 51.8016, 5.65517, 'Maasbrug Ravenstein oostzijde', 'Tb-Nm', 0, 1),
(568, 'Mbt', 1, 51.1414, 5.92664, 'Maasbracht', 'Mt-Vl', 0, 1),
(569, 'Mbtwan', 1, 51.87, 5.27107, 'Meteren Betuweroute aansl. noord', 'Ut-Ht', 0, 1),
(570, 'Mbtwaz', 1, 51.8561, 5.26101, 'Meteren Betuweroute aansl. zuid', 'Ut-Ht', 0, 1),
(571, 'Mcgb', 2, 51.196583, 6.446111, 'Mönchengladbach Hbf', 'Vl-Mcgb', 0, 0),
(572, 'Mcp', 97, NULL, NULL, 'Marconiplein', '', 0, 0),
(573, 'Mda', 1, 52.0141, 4.67038, 'Moordrecht aansl.', 'Gd-Rtd', 0, 1),
(574, 'Mdaz', 1, 52.0086, 4.65662, 'Moordrecht aansluiting Zevenhuizen', 'Gd-Gvc', 0, 1),
(575, 'Mdb', 1, 51.494720458984, 3.6172223091126, 'Middelburg', 'Rsd-Vs', 0, 1),
(576, 'Mdbz', 1, 51.7146, 4.64755, 'Moerdijkbrug Zuid', 'Bd-Ddr', 0, 1),
(577, 'Mdk', 1, NULL, NULL, 'Moerdijk', 'Bd-Ddr', 0, 1),
(578, 'Mdo', 1, 52.0047, 4.65778, 'Moordrecht overloopwissels', 'Gd-Rtd', 0, 1),
(579, 'Mdsa', 1, 52.3379, 4.97013, 'Muiderstraatweg aansl.', 'Gpda-Asr', 0, 1),
(580, 'Mech', 3, 51.01786, 4.48306, 'Mechelen', 'Esn-Pars', 0, 1),
(581, 'Merel', 3, NULL, NULL, 'Merelbeke (B)', 'Esn-Pars', 0, 0),
(582, 'Mes', 1, 50.882879392551, 5.7509994506836, 'Meerssen', 'Hrl-Mt', 0, 1),
(583, 'Mg', 1, 53.1296368, 5.7131996, 'Mantgum', 'Lw-Stv', 0, 1),
(584, 'Mhv', 97, NULL, NULL, 'Maashaven', '', 0, 0),
(585, 'Milan', 7, NULL, NULL, 'Milaan (I)', '', 0, 0),
(586, 'Mk', 1, 52.2024, 6.51471, 'Markelo', 'Zp-Glb', 0, 1),
(587, 'Mkbr', 1, 51.8731, 4.99633, 'Brug o.d. Merwede bij Arkel', 'Gdm-Ddr', 0, 1),
(588, 'Mlo', 1, 51.4897, 6.08754, 'Meerlo-Tienray', 'Ah-Vl', 0, 1),
(589, 'Mo', 1, 51.7653, 5.87829, 'Mook-Middelaar', 'Ah-Vl', 0, 1),
(590, 'Mousc', 3, NULL, NULL, 'Mouscron (B)', 'Gent-Lille', 0, 0),
(591, 'Mp', 1, 52.69083404541, 6.1975002288818, 'Meppel', 'Zl-Lw', 0, 1),
(592, 'Mpa', 1, 52.6961, 6.19912, 'Meppel aansl.', 'Zl-Lw', 0, 1),
(593, 'Mrb', 1, 52.50944519043, 6.5752778053284, 'Mariënberg', 'Zl-Emn', 0, 1),
(594, 'Mrg', 1, 52.0658, 5.34616, 'Maarn goederenemplacement', 'Ut-Ah', 0, 1),
(595, 'Mrn', 1, 52.064167022705, 5.3699998855591, 'Maarn', 'Ut-Ah', 0, 1),
(596, 'Mss', 1, 51.91611, 4.25472, 'Maassluis', 'Sdm-Hlds', 0, 1),
(597, 'Msw', 1, 51.92583, 4.23611, 'Maassluis West', 'Sdm-Hlds', 0, 1),
(598, 'Mt', 1, 50.850276947021, 5.7055554389954, 'Maastricht', 'A-Mt', 0, 1),
(599, 'Mth', 1, 53.1607232, 6.7402989, 'Martenshoek', 'Gn-Nsch', 0, 1),
(600, 'Mtr', 1, 50.838611602783, 5.7172222137451, 'Maastricht Randwyck', 'Edng-Mt', 0, 1),
(601, 'Mttrix', 1, 50.8741, 5.71114, 'Maastricht racc. Beatrixhaven', 'A-Mt', 0, 1),
(602, 'Mtwpl', 1, 50.8581, 5.70291, 'Maastricht Werkplaats', 'Mt-Std', 0, 1),
(603, 'Muizen', 3, NULL, NULL, 'Muizen (B)', 'Esn-Pars', 0, 0),
(604, 'Munst', 2, 51.956892, 7.635895, 'Münster (Westf) Hbf', 'Rhei-Hah', 0, 0),
(605, 'Mvt', 1, 51.93527, 4.03393, 'Maasvlakte', 'Brd-Mvt', 0, 1),
(606, 'Mvta', 1, NULL, NULL, 'Maasvlakte aansl.', 'Brd-Mvt', 0, 1),
(607, 'Mvtw', 1, 51.93532, 4.02946, 'Maasvlakte West', 'Brd-Mvt', 0, 1),
(608, 'MWBX', 99, NULL, NULL, 'Grondige reinigingsbeurt', '', 0, 0),
(609, 'Mz', 1, 51.30376236035, 5.6303429603577, 'Maarheeze', 'Ehv-Wt', 0, 1),
(610, 'Na', 1, 52.718612670898, 6.8486108779907, 'Nieuw Amsterdam', 'Zl-Emn', 0, 1),
(611, 'Naa', 1, 52.7128, 6.84368, 'Nieuw Amsterdam aansl.', 'Zl-Emn', 0, 1),
(612, 'Ndb', 1, 52.280277252197, 5.1569442749023, 'Naarden-Bussum', 'Wp-Hvs', 0, 1),
(613, 'Ngaz', 98, NULL, NULL, 'St. Antonius Ziekenhuis (SU)', '', 0, 0),
(614, 'Ngb', 98, NULL, NULL, 'Batau Noord (SU)', '', 0, 0),
(615, 'Ngc', 98, NULL, NULL, 'Nieuwegein Centrum (SU)', '', 0, 0),
(616, 'Ngch', 98, NULL, NULL, 'Clickhoeff (SU)', '', 0, 0),
(617, 'Ngd', 98, NULL, NULL, 'Doorslag (SU)', '', 0, 0),
(618, 'Ngf', 98, NULL, NULL, 'Fokkesteeg (SU)', '', 0, 0),
(619, 'Ngm', 98, NULL, NULL, 'Merwestein (SU)', '', 0, 0),
(620, 'Ngr', 98, NULL, NULL, 'Nieuwegein Remise (SU)', '', 0, 0),
(621, 'Ngra', 98, NULL, NULL, 'Nieuwegein Remise aansl. (SU)', '', 0, 0),
(622, 'Ngsf', 1, 52.0187, 4.34636, 'Nederlandse Gist en Spiritus Fabriek', 'Gv-Rtd', 0, 1),
(623, 'Ngsfa', 1, 52.0157, 4.34911, 'Nederlandse Gist en Spiritus Fabriek-aansl.', 'Gv-Rtd', 0, 1),
(624, 'Ngw', 98, NULL, NULL, 'Wijkersloot (SU)', '', 0, 0),
(625, 'Ngwd', 98, NULL, NULL, 'Wiersdijk (SU)', '', 0, 0),
(626, 'Ngz', 98, NULL, NULL, 'Nieuwegein Zuid (SU)', '', 0, 0),
(627, 'Ngzl', 98, NULL, NULL, 'Zuilenstein (SU)', '', 0, 0),
(628, 'Nh', 1, 50.919445037842, 5.8927779197693, 'Nuth', 'Std-Han', 0, 1),
(629, 'Nhk', 1, 52.4992, 4.94622, 'Brug bij Purmerend', 'Zd-Ekz', 0, 1),
(630, 'Nhkbr', 1, 52.6386, 4.74629, 'Brug bij Alkmaar', 'Hdr-Asd', 0, 1),
(631, 'Nkk', 1, 52.222221374512, 5.4938888549805, 'Nijkerk', 'Amf-Zl', 0, 1),
(632, 'Nm', 1, 51.843612670898, 5.8522224426269, 'Nijmegen', 'Ah-Vl', 0, 1),
(633, 'Nmd', 1, 51.824165344238, 5.7955555915833, 'Nijmegen Dukenburg', 'Ht-Nm', 0, 1),
(634, 'Nmh', 1, 51.826946258545, 5.8674998283386, 'Nijmegen Heyendaal', 'Nm-Vl', 0, 1),
(635, 'Nml', 1, 51.863154, 5.859625, 'Nijmegen Lent', 'Nm - Ah', 0, 1),
(636, 'Nnvbr', 1, 52.4932, 4.77271, 'Nauernaschevaartbrug', 'Hdr-Asd', 0, 1),
(637, 'Noordl', 3, NULL, NULL, 'Noordlaan (B)', 'Esn-Pars', 0, 0),
(638, 'Ns', 1, 52.370834350586, 5.7852778434753, 'Nunspeet', 'Amf-Zl', 0, 1),
(639, 'Nscg', 1, 53.1875, 7.21041, 'Nieuweschans grens', 'Nsch-Ihr', 0, 1),
(640, 'Nsch', 1, 53.1844, 7.19937, 'Bad Nieuweschans', 'Gn-Nsch', 0, 1),
(641, 'Nspl', 1, 52.3914, 4.624, 'Noordelijke splitsing te Haarlem', 'Hlm-Utg', 0, 1),
(642, 'NSRLOG', 99, NULL, NULL, 'Reserve NSR Logistiek', '', 0, 0),
(643, 'NSRRES', 99, NULL, NULL, 'NSR Reserve', '', 0, 0),
(644, 'Nvbro', 1, 51.6371, 4.70018, 'Nieuwe Veerbrug overloopwissels', 'Bd-Rtd', 0, 1),
(645, 'Nvd', 1, 52.366111, 6.462, 'Nijverdal', 'Zl-Wdn', 0, 1),
(646, 'Nvl', 97, NULL, NULL, 'Nieuw Verlaat', '', 0, 0),
(647, 'Nvp', 1, 52.258888244629, 4.6455554962158, 'Nieuw Vennep', 'Ledn-Shl', 0, 1),
(648, 'Nwh', 1, 52.2421, 4.49256, 'Noordwijkerhout', 'Ledn-Hlm', 0, 1),
(649, 'Nwk', 1, 51.965278625488, 4.6169443130493, 'Nieuwerkerk a/d IJssel', 'Gd-Rtd', 0, 1),
(650, 'Nwki', 1, 51.9714, 4.62412, 'Nieuwerkerk IVO-wissels', 'Gd-Rtd', 0, 1),
(651, 'Nwl', 1, 51.92222, 4.38222, 'Schiedam Nieuwland', 'Sdm-Hlds', 0, 1),
(652, 'O', 1, 51.765556335449, 5.5322222709656, 'Oss', 'Ht-Nm', 0, 1),
(653, 'Obd', 1, 52.67805480957, 4.9072222709656, 'Obdam', 'Hwd-Hn', 0, 1),
(654, 'Oberh', 2, 51.47512, 6.852038, 'Oberhausen Hbf', 'Zv-Koln', 0, 0),
(655, 'Oberho', 2, NULL, NULL, 'Oberhausen Ostfeld Sud (D)', 'Zv-Koln', 0, 0),
(656, 'Oberhs', 2, 51.512222, 6.843611, 'Oberhausen-Sterkrade', 'Zv-Koln', 0, 0),
(657, 'Oberhw', 2, NULL, NULL, 'Oberhausen West (D)', 'Zv-Koln', 0, 0),
(658, 'Obpa', 1, 52.3891, 4.86517, 'Overbrakerpolder aansl.', 'Zd-Sgra', 0, 1),
(659, 'Odb', 1, 51.587776184082, 4.5333333015442, 'Oudenbosch', 'Zlw-Rsd', 0, 1),
(660, 'Odo', 1, 52.0342, 4.82669, 'Oudewater Overloop', 'Ut-Rtd', 0, 1),
(661, 'Ods', 1, 52.3768, 4.91093, 'Oosterdoksdoorvaart', 'Hdr-Asd', 0, 1),
(662, 'Odw', 1, 52.0299, 4.81647, 'Oudewater Wachtspoor', 'Ut-Rtd', 0, 1),
(663, 'Odz', 1, 52.30638885498, 6.9347224235535, 'Oldenzaal', 'Hgl-Odzg', 0, 1),
(664, 'Oelz', 1, 51.7665, 5.54992, 'Oss racc. Elzenburg', 'Ht-Nm', 0, 1),
(665, 'Ohze', 1, 51.3751, 5.57624, 'Oud Heeze', 'Ehv-Wt', 0, 1),
(666, 'Oij', 1, 51.9587, 6.28721, 'Brug over de Oude IJssel bij Doetinchem', 'Ww-Zv', 0, 1),
(667, 'Olv', 1, 52.58333, 4.68667, 'Onze Lieve Vrouwe t. Nood', 'Hdr-Asd', 0, 1),
(668, 'Omn', 1, 52.50944519043, 6.4158334732056, 'Ommen', 'Zl-Emn', 0, 1),
(669, 'On', 1, 53.1604, 6.62789, 'Onnen', 'Mp-Gn', 0, 1),
(670, 'ONBEKEND', 99, NULL, NULL, 'Dienst is onbekend', '', 0, 0),
(671, 'OND', 99, NULL, NULL, 'Onderhoud', '', 0, 0),
(672, 'Onn', 1, 53.1645, 6.62469, 'Onnen noord', 'Mp-Gn', 0, 1),
(673, 'Onz', 1, 53.1419, 6.63238, 'Onnen zuid', 'Mp-Gn', 0, 1),
(674, 'Op', 1, 51.9261615, 5.6371145, 'Opheusden', 'Est-Gdm', 0, 1),
(675, 'OPGESL', 99, NULL, NULL, 'Opgesloten loc', '', 0, 0),
(676, 'Opl', 97, NULL, NULL, 'Oostplein', '', 0, 0),
(677, 'OPLMCN', 99, NULL, NULL, 'Tbv opleiding machinisten', '', 0, 0),
(678, 'Osnh', 2, 52.272851, 8.061781, 'Osnabrück Hbf', 'Bh-Behbf', 0, 0),
(679, 'Ost', 1, 52.334720611572, 6.1130557060242, 'Olst', 'Dv-Zl', 0, 1),
(680, 'Ot', 1, 51.582221984863, 5.1941666603088, 'Oisterwijk', 'Tb-Btl', 0, 1),
(681, 'Otb', 1, 51.994998931885, 5.8400001525879, 'Oosterbeek', 'Ut-Ah', 0, 1),
(682, 'Otf', 97, NULL, NULL, 'Oosterflank', '', 0, 0),
(683, 'Otw', 1, NULL, NULL, 'Oosterhout Weststad', 'Hzl-Otw', 0, 1),
(684, 'Ovn', 1, 52.391109466553, 4.6061110496521, 'Overveen', 'Hlm-Zvt', 0, 1),
(685, 'Ow', 1, 51.758056640625, 5.5055556297302, 'Oss West', 'Tb-Nm', 0, 1),
(686, 'Ozbm', 1, 51.8006, 5.26473, 'Oud Zaltbommel', 'Ut-Btl', 0, 1),
(687, 'Paris', 5, 48.87977, 2.35575, 'Paris-Nord', 'Esn-Pars', 0, 0);
INSERT INTO `somda_verk` (`afkid`, `afkorting`, `landid`, `latitude`, `longitude`, `description`, `traject`, `route_overstaptijd`, `spot_allowed`) VALUES
(688, 'Pmk', 1, 53.0787, 5.82794, 'Brug over het Prinses Margrietkanaal', 'Zl-Lw', 0, 1),
(689, 'Pmo', 1, 52.511390686035, 4.9683332443237, 'Purmerend Overwhere', 'Zd-Ekz', 0, 1),
(690, 'Pmr', 1, 52.50305557251, 4.9536108970642, 'Purmerend', 'Zd-Ekz', 0, 1),
(691, 'Pnk', 1, 52.021, 4.43688, 'Pijnacker', 'Rth-Gvc', 0, 1),
(692, 'Pnkn', 1, NULL, NULL, 'Pijnacker-Noord', 'Rth-Gvc', 0, 1),
(693, 'Pns', 97, NULL, NULL, 'Pernis', '', 0, 0),
(694, 'Ps', 1, NULL, NULL, 'Pernis', 'Brd-Mvt', 0, 1),
(695, 'Psl', 97, NULL, NULL, 'Prinsenlaan', '', 0, 0),
(696, 'Pt', 1, 52.264999389648, 5.5752778053284, 'Putten', 'Amf-Zl', 0, 1),
(697, 'Ptg', 97, NULL, NULL, 'Poortugaal', '', 0, 0),
(698, 'Pwg', 97, NULL, NULL, 'Parkweg', '', 0, 0),
(699, 'Rai', 1, 52.337223052979, 4.8902778625488, 'Amsterdam RAI', 'Dvd-Shl', 0, 1),
(700, 'Rat', 1, 52.391666412354, 6.2775001525879, 'Raalte', 'Zl-Wdn', 0, 1),
(701, 'Rb', 1, 51.422779083252, 4.1611108779907, 'Rilland-Bath', 'Rsd-Vs', 0, 1),
(702, 'Rd', 1, 53.421262, 6.7587, 'Roodeschool', 'Gn-Rd', 0, 1),
(703, 'Rda', 1, 53.4141, 6.75152, 'Roodeschool aansl.', 'Gn-Rd', 0, 1),
(704, 'RDL', 99, NULL, NULL, 'Rangeerbeweging zonder (vast) treinnummer', '', 0, 0),
(705, 'Rdp', 1, 53.2208, 6.54204, 'Brug o/h Reitdiep', 'Gn-Dz', 0, 1),
(706, 'Rdr', 1, 51.9764, 4.46063, 'Berkel en Rodenrijs', 'Rth-Gvc', 0, 1),
(707, 'Rdwa', 1, 52.3892, 4.82439, 'Radarweg aansl.', 'Zd-Sgra', 0, 1),
(708, 'RES', 99, NULL, NULL, 'Reserve', '', 0, 0),
(709, 'RES-EV', 99, NULL, NULL, 'Reserve - Extra Vervoeren', '', 0, 0),
(710, 'RG', 99, NULL, NULL, 'Rangeren', '', 0, 0),
(711, 'RG01', 99, NULL, NULL, 'Rangeren tbv reizigers', '', 0, 0),
(712, 'RG-INT', 99, NULL, NULL, 'Lok tbv NS Internationaal', '', 0, 0),
(713, 'Rh', 1, 52.0101, 6.0314, 'Rheden', 'Ah-Zl', 0, 1),
(714, 'Rheine', 2, 52.276299, 7.434255, 'Rheine', 'Bh-Behbf', 0, 0),
(715, 'Rhn', 1, 51.958610534668, 5.5783333778381, 'Rhenen', 'Rhn-Ut', 0, 1),
(716, 'Rho', 97, NULL, NULL, 'Rhoon', '', 0, 0),
(717, 'Rhsla', 1, 51.9279, 4.44806, 'Rotterdam HSL-aansl.', 'Hfd-Rtd', 0, 1),
(718, 'Rhv', 97, NULL, NULL, 'Rijnhaven', '', 0, 0),
(719, 'Rl', 1, 52.0810888, 6.4492656, 'Ruurlo', 'Zp-Ww', 0, 1),
(720, 'Rlb', 1, 51.880001068115, 4.531388759613, 'Rotterdam Lombardijen', 'Ddr-Rtd', 0, 1),
(721, 'Rm', 1, 51.193054199219, 5.9941668510437, 'Roermond', 'Mt-Vl', 0, 1),
(722, 'Rmh', 97, NULL, NULL, 'Romeynshof', '', 0, 0),
(723, 'Rmo', 1, NULL, NULL, 'Rechter Maasoever', 'Rtd-Sdm', 0, 1),
(724, 'Rmoa', 1, 51.92198, 4.43556, 'Rechter Maasoever aansl.', 'Rtd-Sdm', 0, 1),
(725, 'Rmsolv', 1, 51.1647, 5.95675, 'Roermond racc. Solvay Chemie', 'Lin-Rmlv', 0, 1),
(726, 'RMVV', 99, NULL, NULL, 'Rayonmanager Vervoer -- Rangeren of opleiding', '', 0, 0),
(727, 'Rovere', 7, NULL, NULL, 'Rovereto (I)', '', 0, 0),
(728, 'Rs', 1, 51.714721679688, 5.3680553436279, 'Rosmalen', 'Ht-Nm', 0, 1),
(729, 'Rsa', 1, 51.8938, 5.85698, 'Ressen aansl.', 'Ah-Vl', 0, 1),
(730, 'Rscw', 1, NULL, NULL, 'Rail Service Center Waalhaven', 'Brd-Mvt', 0, 1),
(731, 'Rscwa', 1, NULL, NULL, 'Rail Service Center Waalhaven aansl.', 'Brd-Mvt', 0, 1),
(732, 'Rsd', 1, 51.540279388428, 4.4583334922791, 'Roosendaal', 'Zlw-Esn', 0, 1),
(733, 'Rsdg', 1, 51.4691, 4.449, 'Roosendaal grens', 'Zlw-Esn', 0, 1),
(734, 'Rsdphi', 50, 51.5488, 4.49186, 'Roosendaal racc. Philips aansl.', 'Rsd-Bd', 0, 0),
(735, 'Rskbl', 1, 52.1446, 4.49915, 'Rijnschiekanaal-brug bij Leiden', 'Apn-Ledn', 0, 1),
(736, 'Rskbv', 1, 52.0761, 4.38439, 'Rijnschiekanaal-brug bij Voorburg', 'Rth-Gvc', 0, 1),
(737, 'Rsl', 1, 53.145, 7.07207, 'Brug o/d De Rensel', 'Hlg-Nsch', 0, 1),
(738, 'Rsn', 1, 52.3122215271, 6.5202779769897, 'Rijssen', 'Dv-Aml', 0, 1),
(739, 'Rsw', 1, 52.039722442627, 4.3191666603088, 'Rijswijk', 'Gv-Rtd', 0, 1),
(740, 'Rta', 1, 51.951946258545, 4.5536112785339, 'Rotterdam Alexander', 'Gd-Rtd', 0, 1),
(741, 'Rtb', 1, 51.920276641846, 4.4888887405395, 'Rotterdam Blaak', 'Ddr-Rtd', 0, 1),
(742, 'Rtbw', 1, 51.9322, 4.4709, 'Rotterdam Bergweg', 'Rth-Gvc', 0, 1),
(743, 'Rtd', 1, 51.92499923706, 4.468888759613, 'Rotterdam Centraal', 'Gv-Ddr', 5, 1),
(744, 'Rth', 1, 51.9274, 4.47911, 'Rotterdam Hofplein', 'Rth-Gvc', 0, 1),
(745, 'Rtkw', 1, 51.9457, 4.46623, 'Rotterdam Kleiweg', 'Rth-Gvc', 0, 1),
(746, 'Rtkwa', 1, NULL, NULL, 'Rotterdam Kleiweg aansl.', 'Rth-Gvc', 0, 1),
(747, 'Rtn', 1, 51.942222595215, 4.4816665649414, 'Rotterdam Noord', 'Gd-Rtd', 0, 1),
(748, 'Rtng', 1, 51.9447, 4.5059, 'Rotterdam Noord goederenstation', 'Gd-Rtd', 0, 1),
(749, 'Rtngo', 1, 51.9468, 4.5151, 'Rotterdam Noord Goederen oost', 'Gd-Rtd', 0, 1),
(750, 'Rtngw', 1, 51.9447, 4.49958, 'Rotterdam Noord Goederen west', 'Gd-Rtd', 0, 1),
(751, 'Rtst', 1, 51.893890380859, 4.5197219848633, 'Rotterdam Stadion', 'Ddr-Rtd', 0, 1),
(752, 'Rtwp', 1, 51.961, 4.46229, 'Rotterdam Wilgenplas', 'Rth-Gvc', 0, 1),
(753, 'Rtz', 1, 51.904445648193, 4.5102777481079, 'Rotterdam Zuid', 'Ddr-Rtd', 0, 1),
(754, 'Rv', 1, 51.28321916653, 6.0789585113525, 'Reuver', 'Mt-Vl', 0, 1),
(755, 'Rvbr', 1, 52.2235, 4.55316, 'Ringvaartbrug bij Sassenheim', 'Rai-Ledn', 0, 1),
(756, 'Rvs', 1, 51.794166564941, 5.6358332633972, 'Ravenstein', 'Ht-Nm', 0, 1),
(757, 'Salzbu', 9, NULL, NULL, 'Salzburg Hbf (A)', '', 0, 0),
(758, 'Sb', 1, 52.6817, 6.89356, 'Schoonebeek', 'Zl-Emn', 0, 1),
(759, 'Sbk', 1, 50.94327, 5.850529, 'Spaubeek', 'Std-Hrl', 0, 1),
(760, 'Schijn', 3, NULL, NULL, 'Schijn (B)', 'Esn-Pars', 0, 0),
(761, 'Schwar', 9, 47.31853, 13.15446, 'Schwarzach-St. Veit (A)', '', 0, 0),
(762, 'Sd', 1, 52.183612823486, 5.3000001907349, 'Soestdijk', 'Ut-Brn', 0, 1),
(763, 'Sda', 1, 53.1655362, 6.9777775, 'Scheemda', 'Gn-Nsch', 0, 1),
(764, 'Sdc', 97, NULL, NULL, 'Schiedam Centrum (eindpunt)', '', 0, 0),
(765, 'Sdm', 1, 51.921243812803, 4.4089937210083, 'Schiedam Centrum', 'Gv-Rtd', 0, 1),
(766, 'Sdn', 50, 52.1451, 5.29824, 'Soestduinen', 'Ut-Amf', 0, 0),
(767, 'Sdt', 1, 51.829723358154, 4.7783331871033, 'Sliedrecht', 'Gr-Ddr', 0, 1),
(768, 'Sgbr', 1, 52.38601, 4.88292, 'Singelgrachtbrug', 'Hdr-Asd', 0, 1),
(769, 'Sgl', 1, 50.873332977295, 5.7972221374512, 'Houthem-St. Gerlach', 'Hrl-Mt', 0, 1),
(770, 'Sgn', 1, 52.784442901611, 4.8052778244019, 'Schagen', 'Hdr-Amr', 0, 1),
(771, 'Sgra', 1, 52.3869, 4.87995, 'Singelgracht aansl.', 'Hdr-Asd', 0, 1),
(772, 'Shb', 1, 51.9376, 4.10663, 'Suurhoffbrug', 'Brd-Mvt', 0, 1),
(773, 'Shl', 1, 52.30944442749, 4.7619442939758, 'Schiphol Airport', 'Asd-Ledn', 0, 1),
(774, 'Shs', 97, NULL, NULL, 'Stadhuis', '', 0, 0),
(775, 'Sk', 1, 53.0328688, 5.6523969, 'Sneek', 'Lw-Stv', 0, 1),
(776, 'Skbr', 1, 52.3377, 4.84713, 'Schinkelbrug bij Amsterdam Zuid', 'Gpda-Asr', 0, 1),
(777, 'Skl', 97, NULL, NULL, 'Schenkel', '', 0, 0),
(778, 'Sknd', 1, 53.0409319, 5.6631808, 'Sneek Noord', 'Lw-Stv', 0, 1),
(779, 'Slg', 97, NULL, NULL, 'Slinge (eindpunt)', '', 0, 0),
(780, 'Sln', 97, NULL, NULL, 'Slotlaan', '', 0, 0),
(781, 'Sloe', 1, 51.4481, 3.74413, 'Sloehaven', 'Rsd-Vs', 0, 1),
(782, 'Slua', 1, 51.2854, 3.82596, 'Sluiskil aansl.', 'Fsz-Tnz', 0, 1),
(783, 'Sludow', 1, 51.279, 3.86035, 'Sluiskil racc.Dow Chemical', 'Slua-Sld', 0, 1),
(784, 'Sm', 1, 51.23582, 6.03228, 'Swalmen', 'Rm-Vl', 0, 1),
(785, 'Smvrt', 1, 52.72246, 6.19766, 'Brug Smildervaart', 'Zl-Lw', 0, 1),
(786, 'Smz', 1, 51.22712, 6.02291, 'Swalmen zuid', 'Rm-Vl', 0, 1),
(787, 'Sn', 1, 50.939167022705, 5.8744444847107, 'Schinnen', 'Std-Hrl', 0, 1),
(788, 'Sog', 1, 50.856388092041, 5.8722224235535, 'Schin op Geul', 'Hrl-Mt', 0, 1),
(789, 'Spa', 1, 52.2519, 6.19599, 'Snippeling aansl.', 'Ah-Zl', 0, 1),
(790, 'Spb', 2, 52.30905, 7.04003, 'Springbiel (D)', 'Bh-Hgl', 0, 1),
(791, 'Spbr', 1, 52.3856, 4.64643, 'Spaarnebrug bij Haarlem', 'Asd-Ledn', 0, 1),
(792, 'Spc', 97, NULL, NULL, 'Spijkenisse Centrum', '', 0, 0),
(793, 'Spm', 1, 53.1589183, 6.7955648, 'Sappemeer Oost', 'Gn-Nsch', 0, 1),
(794, 'Sptn', 1, 52.43388748169, 4.6325001716614, 'Santpoort Noord', 'Hlm-Utg', 0, 1),
(795, 'Sptz', 1, 52.419723510742, 4.6313886642456, 'Santpoort Zuid', 'Hlm-Utg', 0, 1),
(796, 'Srn', 1, 51.061389923096, 5.8630557060242, 'Susteren', 'Std-Vl', 0, 1),
(797, 'St', 1, 52.173332214355, 5.3099999427795, 'Soest', 'Ut-Brn', 0, 1),
(798, 'Std', 1, 51.001667022705, 5.8586111068726, 'Sittard', 'Mt-Vl', 0, 1),
(799, 'Stjoht', 9, NULL, NULL, 'St. Johann in Tirol (A)', '', 0, 0),
(800, 'Stm', 1, 53.3262092, 6.6875551, 'Stedum', 'Gn-Dz', 0, 1),
(801, 'Sto', 1, 52.1875, 5.6895, 'Stroe', 'Asd-Zp', 0, 1),
(802, 'Stola', 2, 50.76394, 6.23029, 'Stolberg Altstadt (D)', 'Han-A', 0, 0),
(803, 'Stolb', 2, 50.79492, 6.21843, 'Stolberg Hbf (D)', 'Han-A', 0, 0),
(804, 'Stolgb', 2, NULL, NULL, 'Stolberg GBF (D)', 'Han-A', 0, 0),
(805, 'Stolmb', 2, 50.77359, 6.2239, 'Stolberg Mühlener Bahnhof (D)', 'Han-A', 0, 0),
(806, 'Stolr', 2, 50.76877, 6.2296, 'Stolberg Rathaus (D)', 'Han-A', 0, 0),
(807, 'Stolsm', 2, 50.7849, 6.21901, 'Stolberg Schneidmuhle (D)', 'Han-A', 0, 0),
(808, 'STRAND', 99, NULL, NULL, 'Dienst naar het strand vanuit Rtd of Asd/Hlm', '', 0, 0),
(809, 'Sts', 1, 53.2644, 5.76096, 'Stiens', 'Lw-Sts', 0, 1),
(810, 'Stv', 1, 52.8865535, 5.3600212, 'Stavoren', 'Lw-Stv', 0, 1),
(811, 'Stz', 1, 52.165279388428, 5.3030557632446, 'Soest Zuid', 'Ut-Brn', 0, 1),
(812, 'Svg', 1, 51.2255, 3.79396, 'Sas van Gent', 'Fsz-Tnz', 0, 1),
(813, 'Svgg', 1, 51.2107, 3.79994, 'Sas van Gent grens', 'Fsz-Tnz', 0, 1),
(814, 'Swd', 1, 53.29113, 6.5404, 'Sauwerd', 'Gn-Dz', 0, 1),
(815, 'Swk', 1, 52.791510992432, 6.1145557632446, 'Steenwijk', 'Zl-Lw', 0, 1),
(816, 'T', 99, NULL, NULL, 'Tanken', '', 0, 0),
(817, 'Tb', 1, 51.560554504395, 5.0836110115051, 'Tilburg', 'Bd-Ehv', 0, 1),
(818, 'Tba', 1, 51.5626, 5.11009, 'Tilburg aansl.', 'Bd-Ehv', 0, 1),
(819, 'Tbg', 1, 51.9224549, 6.3642466, 'Terborg', 'Ww-Ah', 0, 1),
(820, 'Tbge', 1, 51.562, 5.06823, 'Tilburg GE', 'Bd-Ehv', 0, 1),
(821, 'Tbi', 1, 51.5762, 5.1228, 'Tilburg Industrieterrein', 'Tb-Nm', 0, 1),
(822, 'Tbr', 1, 51.573612213135, 4.9944443702698, 'Tilburg Reeshof', 'Tb-Rsd', 0, 1),
(823, 'TBVOND', 99, NULL, NULL, 'Ten bate van onderhoud', '', 0, 0),
(824, 'Tbu', 1, 51.564985, 5.051778, 'Tilburg Universiteit', 'Bd-Tb', 0, 1),
(825, 'TCB', 99, NULL, NULL, 'Technische controle beurt (meer dan de 24-uurs controle)', '', 0, 0),
(826, 'TCBAK', 99, NULL, NULL, 'Technische controle beurt automatische koppeling', '', 0, 0),
(827, 'Tg', 1, 51.33894, 6.14253, 'Tegelen', 'Rm-Vl', 0, 1),
(828, 'Tgra', 1, 51.445, 5.50402, 'Tongelre aansl.', 'Vl-Ehv', 0, 1),
(829, 'Tl', 1, 51.889446258545, 5.4222221374512, 'Tiel', 'Est-Gdm', 0, 1),
(830, 'Tla', 1, 51.9002, 5.4434, 'Tiel aansl.', 'Est-Gdm', 0, 1),
(831, 'Tli', 1, 51.9038, 5.45146, 'Tiel-industrie', 'Est-Gdm', 0, 1),
(832, 'Tnz', 1, 51.3298, 3.82529, 'Terneuzen', 'Fsz-Tnz', 0, 1),
(833, 'Tnzz', 1, 51.3028, 3.84495, 'Terneuzen Zuidzijde', 'Fsz-Tnz', 0, 1),
(834, 'Trp', 97, NULL, NULL, 'De Terp (eindpunt)', '', 0, 0),
(835, 'Tsl', 97, NULL, NULL, 'Troelstralaan', '', 0, 0),
(836, 'Tsw', 97, NULL, NULL, 'Tussenwater', '', 0, 0),
(837, 'Ttn', 97, NULL, NULL, 'De Tochten (eindpunt)', '', 0, 0),
(838, 'Uhm', 1, 53.4145845, 6.7202975, 'Uithuizermeeden', 'Gn-Rd', 0, 1),
(839, 'Uhz', 1, 53.4099568, 6.6748869, 'Uithuizen', 'Gn-Rd', 0, 1),
(840, 'Ust', 1, 53.4014742, 6.6093776, 'Usquert', 'Gn-Rd', 0, 1),
(841, 'Ut', 1, 52.088890075684, 5.1102776527405, 'Utrecht Centraal', 'Asd-Ah', 6, 1),
(842, 'Utc', 98, NULL, NULL, 'Centraal Station (SU)', '', 0, 0),
(843, 'Utctw', 1, 52.0982, 5.0896, 'Utrecht Cartesiusweg', 'Ut-Wd', 0, 1),
(844, 'Utdd', 1, 52.0977, 5.09964, 'Utrecht Daalsedijk', 'Asd-Ut', 0, 1),
(845, 'Utg', 1, 52.521667480469, 4.7016668319702, 'Uitgeest', 'Hdr-Amr', 0, 1),
(846, 'Utge', 50, 52.0799, 5.11923, 'Utrecht GE', 'Ut-Ht', 0, 0),
(847, 'Utgr', 98, NULL, NULL, 'Graadt van Roggenweg (SU)', '', 0, 0),
(848, 'Utk', 98, NULL, NULL, 'Kanaleneiland Zuid (SU)', '', 0, 0),
(849, 'Utl', 50, 52.06556, 5.14417, 'Utrecht Lunetten', 'Ut-Ht', 0, 0),
(850, 'Utm', 1, 52.087776184082, 5.1313886642456, 'Utrecht Maliebaan', 'Hvs-Ln', 0, 1),
(851, 'Utma', 1, 52.0994, 5.0957, 'Utrecht Maarssen aansl.', 'Asd-Ut', 0, 1),
(852, 'Utmp', 98, NULL, NULL, '5-Meiplein (SU)', '', 0, 0),
(853, 'Utmr', 98, NULL, NULL, 'Moreelsepark (SU)', '', 0, 0),
(854, 'Uto', 1, 52.110000610352, 5.1247220039368, 'Utrecht Overvecht', 'Ut-Amf', 0, 1),
(855, 'Utoa', 50, 52.105, 5.11035, 'Utrecht Overvecht aansl.', 'Ut-Amf', 0, 0),
(856, 'Utp', 98, NULL, NULL, 'Paul Krugerbrug (os) (SU)', '', 0, 0),
(857, 'Utt', 1, 52.1000753, 5.0439547, 'Utrecht Terwijde', 'Ut-Wd', 0, 1),
(858, 'Utv', 98, NULL, NULL, 'Vasco Da Gamalaan (SU)', '', 0, 0),
(859, 'Utva', 50, 52.0793, 5.12077, 'Utrecht aansluiting goederen emplacement', 'Ut-Btl', 0, 0),
(860, 'Utvl', 98, NULL, NULL, 'Vijverlaan (os) (SU)', '', 0, 0),
(861, 'Utwao', 1, 52.0963, 5.10274, 'Utrecht-Woerden aansl-oost', 'Ut-Wd', 0, 1),
(862, 'Utwaw', 1, 52.0974, 5.0879, 'Utrecht-Woerden aansl.west', 'Ut-Wd', 0, 1),
(863, 'Utwp', 98, NULL, NULL, 'Westplein (SU)', '', 0, 0),
(864, 'Utwr', 98, 52.05668, 5.10681, 'Utrecht Westraven', '', 0, 0),
(865, 'Utzo', 98, NULL, NULL, 'Ziekenhuis Oudenrijn (SU)', '', 0, 0),
(866, 'Va', 1, 51.9836, 5.92641, 'Velperbroek aansl.', 'Asd-Zvg', 0, 1),
(867, 'VAKANT', 99, NULL, NULL, 'Dienst bestaat niet meer', '', 0, 0),
(868, 'Vam', 1, 52.7837, 6.50681, 'V.A.M terrein Wijster', 'Mp-Gn', 0, 1),
(869, 'Vama', 1, 52.7707, 6.49062, 'V.A.M. aansl.', 'Mp-Gn', 0, 1),
(870, 'Vb', 1, 52.066665649414, 4.3594446182251, 'Voorburg', 'Gd-Gvc', 0, 1),
(871, 'Vbl', 1, 52.0824, 4.3653, 'Voorburg \'t Loo', 'Rth-Gvc', 0, 1),
(872, 'Vd', 1, 52.1071949, 6.3170457, 'Vorden', 'Zp-Ww', 0, 1),
(873, 'Vdg', 1, 51.90306, 4.34417, 'Vlaardingen Centrum', 'Sdm-Hlds', 0, 1),
(874, 'Vdgbr', 1, 51.9037, 4.3471, 'Vlaardingenbrug', 'Sdm-Hlds', 0, 1),
(875, 'Vdl', 1, 50.887222290039, 5.9302778244019, 'Voerendaal', 'Mt-Hrl', 0, 1),
(876, 'Vdm', 1, 53.10324, 6.88475, 'Veendam', 'Zb-Vdm', 0, 1),
(877, 'Vdo', 1, 51.91028, 4.36167, 'Vlaardingen Oost', 'Sdm-Hlds', 0, 1),
(878, 'Vdpg', 1, 51.1523, 6.16273, 'Vlodrop grens', 'Rm-Dh', 0, 1),
(879, 'Vdw', 1, 51.90417, 4.31306, 'Vlaardingen West', 'Sdm-Hlds', 0, 1),
(880, 'Veg', 1, 51.6254, 5.54315, 'Veghel', 'Btl-Veg', 0, 1),
(881, 'Veghi', 1, 51.6116, 5.51311, 'Veghel Haven Industrieterrein', 'Btl-Veg', 0, 1),
(882, 'Vg', 1, 51.655555725098, 5.2919445037842, 'Vught', 'Ht-Btl', 0, 1),
(883, 'Vga', 1, 51.6626, 5.29075, 'Vught aansl.', 'Ht-Btl', 0, 1),
(884, 'Vgz', 50, 52.3237, 4.58719, 'Vogelenzang-Bennebroek', 'Asd-Rtd', 0, 0),
(885, 'Vh', 1, 52.224445343018, 4.4844446182251, 'Voorhout', 'Ledn-Hlm', 0, 1),
(886, 'Vhn', 1, NULL, NULL, 'Veghel Haven', 'Btl-Veg', 0, 1),
(887, 'Vhp', 1, 52.4571921, 6.5696679, 'Vroomshoop', 'Mrb-Aml', 0, 1),
(888, 'Vij', 1, NULL, NULL, 'Velsen IJmuiden Oost', 'Sptn-Ijm', 0, 1),
(889, 'Villac', 9, NULL, NULL, 'Villach (A)', '', 0, 0),
(890, 'Vk', 1, 50.869720458984, 5.8322219848633, 'Valkenburg', 'Hrl-Mt', 0, 1),
(891, 'Vkbr', 1, 52.1518, 4.46229, 'Vinkbrug bij Leiden', 'Ledn-Gv', 0, 1),
(892, 'Vl', 1, 51.363609313965, 6.1727776527405, 'Venlo', 'Vl-Ehv', 0, 1),
(893, 'VL_RES', 99, NULL, NULL, 'Reserve verkeersleiding', '', 0, 0),
(894, 'Vlb', 1, 51.59193, 5.99714, 'Vierlingsbeek', 'Nm-Vl', 0, 1),
(895, 'Vlgr', 1, 51.341, 6.19257, 'Venlo grens', 'Kn-Vl', 0, 1),
(896, 'Vlk', 1, 51.4695, 4.00605, 'Vlakebrug', 'Rsd-Vs', 0, 1),
(897, 'Vndc', 1, 52.020000457764, 5.548611164093, 'Veenendaal Centrum', 'Rhn-Mrn', 0, 1),
(898, 'Vndw', 1, 52.028057098389, 5.531388759613, 'Veenendaal West', 'Rhn-Mrn', 0, 1),
(899, 'Vp', 1, 51.994720458984, 5.9802780151367, 'Velp', 'Ah-Zl', 0, 1),
(900, 'Vrk', 1, 51.9017, 5.84322, 'Vork', 'Est-Ddr', 0, 1),
(901, 'Vry', 1, 51.526568099007, 6.0141777992248, 'Venray', 'Nm-Vl', 0, 1),
(902, 'Vs', 1, 51.445835113525, 3.5952777862549, 'Vlissingen', 'Rsd-Vs', 0, 1),
(903, 'Vsl', 97, NULL, NULL, 'Voorschoterlaan', '', 0, 0),
(904, 'Vspa', 1, 52.3273, 4.947, 'Venserpolder aansl.', 'Gpda-Asr', 0, 1),
(905, 'Vss', 1, 51.464721679688, 3.5952777862549, 'Vlissingen Souburg', 'Rsd-Vs', 0, 1),
(906, 'Vst', 1, 52.1252784729, 4.4324998855591, 'Voorschoten', 'Ledn-Gv', 0, 1),
(907, 'Vsv', 1, 51.937257, 6.458839, 'Varsseveld', 'Ww-Ah', 0, 1),
(908, 'Vsz', 97, NULL, NULL, 'Vijfsluizen', '', 0, 0),
(909, 'Vtbr', 1, 52.3098, 5.04801, 'Vechtbrug bij Weesp', 'Asd-Hvs', 0, 1),
(910, 'Vtn', 1, 52.103056, 5.007404, 'Vleuten', 'Ut-Wdn', 0, 1),
(911, 'Vvl', 50, 53.2125, 6.49332, 'Hoogkerk Vierverlaten', 'Hlg-Nsch', 0, 1),
(912, 'Vwd', 1, 53.23518, 5.98866, 'Veenwouden', 'Lw-Gn', 0, 0),
(913, 'Vz', 1, 52.40203, 6.60041, 'Vriezenveen', 'Mrb-Aml', 0, 1),
(914, 'Vzw', 1, NULL, NULL, 'Velsen Zeeweg', 'Sptn-Ijm', 0, 1),
(915, 'W', 99, NULL, NULL, 'Wassen', '', 0, 0),
(916, 'Wad', 1, 52.044166564941, 4.6497220993042, 'Waddinxveen', 'Gd-Apn', 0, 1),
(917, 'Wadn', 1, 52.055000305176, 4.6483335494995, 'Waddinxveen Noord', 'Gd-Apn', 0, 1),
(918, 'Wc', 1, 51.811668395996, 5.730833530426, 'Wijchen', 'Ht-Nm', 0, 1),
(919, 'Wd', 1, 52.084999084473, 4.8936109542847, 'Woerden', 'Ut-Gd', 0, 1),
(920, 'Wdba', 1, 52.0707, 4.8652, 'Woerden-Bodegraven aansl.', 'Wd-Ledn', 0, 1),
(921, 'Wdn', 1, 52.361389160156, 6.5916666984558, 'Wierden', 'Dv-Aml', 0, 1),
(922, 'Wdo', 1, 52.0802, 4.88432, 'Woerden overloop', 'Ut-Gd', 0, 1),
(923, 'Wdvb', 1, 53.1608, 6.89324, 'Brug o/h Wildervankkanaal', 'Hlg-Nsch', 0, 1),
(924, 'Wesel', 2, 51.655833, 6.627222, 'Wesel', '', 0, 0),
(925, 'Wf', 1, 52.005554199219, 5.7936110496521, 'Wolfheze', 'Ed-Ah', 0, 1),
(926, 'Wfm', 1, 53.3908431, 6.5671364, 'Warffum', 'Gn-Rd', 0, 1),
(927, 'WGL-GROEP', 99, NULL, NULL, 'Wagenlading-groep', '', 0, 0),
(928, 'Wgm', 1, 52.3552, 4.94634, 'Watergraafsmeer', 'Asd-Wp', 0, 1),
(929, 'Wgmo', 1, 52.3416, 4.97867, 'Watergraafsmeer Oost aansl.', 'Asd-Wp', 0, 1),
(930, 'Wgmrba', 1, 52.34746, 4.97119, 'Watergraafsmeer ringbaan aansl.', 'Asd-Wp', 0, 1),
(931, 'Wgmw', 1, 52.3571, 4.93876, 'Watergraafsmeer West aansl.', 'Asd-Wp', 0, 1),
(932, 'Wh', 1, 52.390277862549, 6.1405553817749, 'Wijhe', 'Dv-Zl', 0, 1),
(933, 'Wha', 1, 53.1855, 6.6419, 'Waterhuizen aansl', 'Hlg-Nsch', 0, 1),
(934, 'Whe', 1, 52.5072, 4.95728, 'Brug over de Where', 'Zd-Ekz', 0, 1),
(935, 'Whp', 97, NULL, NULL, 'Wilhelminaplein', '', 0, 0),
(936, 'Whv', 97, NULL, NULL, 'Remise Waalhaven', '', 0, 0),
(937, 'Whz', 1, 51.8716, 4.44513, 'Waalhaven zuid', 'Brd-Mvt', 0, 1),
(938, 'Whzan', 1, NULL, NULL, 'Waalhaven zuid aansl. noord', 'Brd-Mvt', 0, 1),
(939, 'Wien', 9, NULL, NULL, 'Wien Hbf (A)', '', 0, 0),
(940, 'Wijb', 1, 51.8055, 4.73534, 'Wantijbrug', 'Gr-Ddr', 0, 1),
(941, 'Wiltn', 1, 51.9256, 4.48088, 'Willemstunnel Noord', 'Ddr-Rtd', 0, 1),
(942, 'Wiltz', 1, 51.9072, 4.50758, 'Willemstunnel Zuid', 'Ddr-Rtd', 0, 1),
(943, 'Wk', 1, 52.9724864, 5.4564285, 'Workum', 'Lw-Stv', 0, 1),
(944, 'Wl', 1, 51.9578065, 6.213844, 'Wehl', 'Ww-Ah', 0, 1),
(945, 'Wld', 1, 51.7366, 4.63584, 'Willemsdorp', 'Bd-Ddr', 0, 1),
(946, 'Wm', 1, 52.489166259766, 4.7922220230103, 'Wormerveer', 'Amr-Asd', 0, 1),
(947, 'Wmb', 1, 53.0099, 5.60656, 'brug de Wijmerts tussen IJlst en Workum', 'Lw-Stv', 0, 1),
(948, 'Wnn', 1, 51.8682, 5.36594, 'Wadenoijen', 'Est-Ddr', 0, 1),
(949, 'Wp', 1, 52.3127784729, 5.0430555343628, 'Weesp', 'Asd-Amf', 0, 1),
(950, 'Wr', 2, 53.16311, 7.3442, 'Weener', 'Nsch-Ihr', 0, 0),
(951, 'Ws', 1, 53.1392377, 7.035101, 'Winschoten', 'Gn-Nsch', 0, 1),
(952, 'Wsba', 1, 51.92058, 4.42037, 'Westelijke splitsing Blijdorp aansl.', 'Gd-Rtd', 0, 1),
(953, 'Wsm', 1, 53.3300994, 6.5202905, 'Winsum', 'Gn-Rd', 0, 1),
(954, 'Wspl', 1, 51.9311, 4.44979, 'Rotterdam Westelijke Splitsing', 'Gd-Rtd', 0, 1),
(955, 'Wt', 1, 51.248611450195, 5.7036108970642, 'Weert', 'Ehv-Rm', 0, 1),
(956, 'Wv', 1, 52.880832672119, 6.0036110877991, 'Wolvega', 'Zl-Lw', 0, 1),
(957, 'Wvd', 1, NULL, NULL, 'Westerveld', 'Sptn-Ijm', 0, 1),
(958, 'Ww', 1, 51.9677307, 6.7155181, 'Winterswijk', 'Zp-Ww', 0, 1),
(959, 'Wwab', 1, 53.1855, 7.20301, 'Brug o/d Westerwoldse Aa', 'Hlg-Nsch', 0, 1),
(960, 'Www', 1, 51.97453, 6.70417, 'Winterswijk West', 'Ww - Zp', 0, 1),
(961, 'Wz', 1, 52.454166412354, 6.0025000572205, 'Wezep', 'Amf-Zl', 0, 1),
(962, 'Ygd', 3, 50.61887, 5.58596, 'Vertakking Garde Dieu (B)', 'Brex-Frj', 0, 1),
(963, 'Ypb', 1, 52.055278778076, 4.39222240448, 'Den Haag Ypenburg', 'Gvc-Gd', 0, 1),
(964, 'Za', 1, 51.920056, 5.7228408, 'Zetten-Andelst', 'Est-Gdm', 0, 1),
(965, 'Zb', 1, 53.159612280006, 6.8679141998291, 'Zuidbroek', 'Gn-Nsch', 0, 1),
(966, 'Zbm', 1, 51.80888748169, 5.2633333206177, 'Zaltbommel', 'Gdm-Btl', 0, 1),
(967, 'Zcw', 1, 52.0607, 4.48357, 'Centrum-west (Zoetermeer)', 'Ztm-ring', 0, 1),
(968, 'Zd', 1, 52.438888549805, 4.8136110305786, 'Zaandam', 'Hdr-Asd', 0, 1),
(969, 'Zdb', 1, 52.4551, 4.81286, 'brug over De Zaan', 'Zd-Ekz', 0, 1),
(970, 'Zdk', 1, 52.456665039062, 4.8202776908875, 'Zaandam Kogerveld', 'Zd-Ekz', 0, 1),
(971, 'Zellas', 9, NULL, NULL, 'Zell am See (A)', '', 0, 0),
(972, 'Zh', 1, 53.2486292, 6.4062361, 'Zuidhorn', 'Gn-Lw', 0, 1),
(973, 'Zha', 1, 51.6456, 4.69361, 'Zevenbergschen Hoek aansl.', 'Ddr - Bd', 0, 1),
(974, 'Zl', 1, 52.504722595215, 6.0919442176819, 'Zwolle', 'Mp-Amf', 4, 1),
(975, 'Zlge', 1, 52.5027, 6.09924, 'Zwolle goederen', 'Zl-Amf', 0, 1),
(976, 'Zlgea', 1, 52.5013, 6.10181, 'Zwolle goederen aansl.', 'Zl-Amf', 0, 1),
(977, 'Zlkatw', 1, 52.5177, 6.07039, 'Zwolle racc.Katwolde', 'Zl-Kpn', 0, 1),
(978, 'Zlptt', 50, 52.507, 6.08243, 'Zwolle PTT', 'Zl-Amf', 0, 1),
(979, 'Zlptta', 50, 52.5044, 6.07841, 'Zwolle PTT aansl.', 'Zl-Amf', 0, 1),
(980, 'Zlr', 50, 52.4953, 6.07431, 'Zwolle rangeerterrein', 'Zl-Lok', 0, 1),
(981, 'Zlra', 50, 52.4986, 6.07547, 'Zwolle rangeerterrein aansl.', 'Zl-Lok', 0, 1),
(982, 'Zlw', 1, 51.69111251831, 4.6630554199219, 'Lage Zwaluwe', 'Bd-Ddr', 0, 1),
(983, 'Zp', 1, 52.145278930664, 6.1941666603088, 'Zutphen', 'Ah-Zl', 0, 1),
(984, 'Zpge', 1, 52.1506, 6.20169, 'Zutphen goederen', 'Ah-Zl', 0, 1),
(985, 'Zpgea', 1, 52.1538, 6.20661, 'Zutphen goederen aansl.', 'Ah-Zl', 0, 1),
(986, 'Zpl', 97, NULL, NULL, 'Zuidplein', '', 0, 0),
(987, 'Zpt', 97, NULL, NULL, 'Zalmplaat', '', 0, 0),
(988, 'Zpta', 1, 52.1601, 6.21409, 'Zutphen Twentekanaal aansl.', 'Ah-Zl', 0, 1),
(989, 'Zsh', 1, 52.061, 4.49313, 'Stadhuis (Zoetermeer)', 'Ztm-ring', 0, 1),
(990, 'Zspl', 1, 52.3861, 4.62305, 'Zuidelijke splitsing bij Haarlem', 'Hlm-Ledn', 0, 1),
(991, 'Ztm', 1, 52.047500610352, 4.4772224426269, 'Zoetermeer', 'Gd-Gvc', 0, 1),
(992, 'Ztmb', 1, 52.0667, 4.47844, 'Buytenwegh (Zoetermeer)', 'Ztm-ring', 0, 1),
(993, 'Ztmd', 1, 52.0544, 4.49214, 'Dorp (Zoetermeer)', 'Ztm-ring', 0, 1),
(994, 'Ztml', 1, 52.069, 4.50995, 'Leidsewallen (Zoetermeer)', 'Ztm-ring', 0, 1),
(995, 'Ztmm', 1, 52.0557, 4.47007, 'Meerzicht (Zoetermeer)', 'Ztm-ring', 0, 1),
(996, 'Ztmo', 1, 52.046390533447, 4.4927778244019, 'Zoetermeer Oost', 'Gd-Gvc', 0, 1),
(997, 'Ztmp', 1, 52.0597, 4.50636, 'Palenstein (Zoetermeer)', 'Ztm-ring', 0, 1),
(998, 'Ztms', 1, 52.0631, 4.51547, 'Seghwaert (Zoetermeer)', 'Ztm-ring', 0, 1),
(999, 'Ztmv', 1, 52.0627, 4.4711, 'Voorweg (Zoetermeer)', 'Ztm-ring', 0, 1),
(1000, 'Ztwo', 1, 52.12624, 4.55701, 'Zoeterwoude Oost', 'Apn-Ledn', 0, 1),
(1001, 'Ztww', 1, 52.1434, 4.50263, 'Zoeterwoude West', 'Apn-Ledn', 0, 1),
(1002, 'Zv', 1, 51.923053741455, 6.0719442367554, 'Zevenaar', 'Ah-Ww', 0, 1),
(1003, 'Zvb', 1, 51.64042, 4.60904, 'Zevenbergen', 'Zlw-Rsd', 0, 1),
(1004, 'Zvbi', 1, 51.6374, 4.60614, 'Zevenbergen inhaalspoor', 'Zlw-Rsd', 0, 1),
(1005, 'Zvbtwa', 1, 51.9169, 6.09675, 'Zevenaar Betuweroute aansl.', 'Ah-Em', 0, 1),
(1006, 'Zvg', 1, 51.9013, 6.13763, 'Zevenaar grens', 'Zv-Kbtor', 0, 1),
(1007, 'Zvo', 1, 51.91936, 6.08666, 'Zevenaar Oost', 'Zv-Kbtor', 0, 1),
(1008, 'Zvt', 1, 52.3752784729, 4.5327777862549, 'Zandvoort aan Zee', 'Hlm-Zvt', 0, 1),
(1009, 'Zwd', 1, 51.814998626709, 4.6416668891907, 'Zwijndrecht', 'Ddr-Rtd', 0, 1),
(1010, 'Zww', 1, 53.24817, 6.03463, 'Zwaagwesteinde', 'Lw-Gn', 0, 0),
(1011, 'Ab', 50, NULL, NULL, 'Achterberg (os)', '', 0, 0),
(1012, 'Am', 50, NULL, NULL, 'America', '', 0, 0),
(1013, 'Amlbpa', 50, NULL, NULL, 'Almelo raccordement Bedrijvenpark NW Twente aansl.', '', 0, 0),
(1014, 'Apdlng', 50, NULL, NULL, 'Apeldoorn raccordement Leonard Lang', '', 0, 0),
(1015, 'Asdoe', 50, NULL, NULL, 'Amsterdam Oostelijk Eiland', '', 0, 0),
(1016, 'Asdwe', 50, NULL, NULL, 'Amsterdam Westelijk Eiland', '', 0, 0),
(1017, 'Asdwpl', 50, NULL, NULL, 'Amsterdam Lijnwerkplaats', '', 0, 0),
(1018, 'Asho', 50, NULL, NULL, 'Amsterdam Sloterdijk Noord Hornweg', '', 0, 0),
(1019, 'Asl', 50, NULL, NULL, 'Assel (ss)', '', 0, 0),
(1020, 'Aswpla', 50, NULL, NULL, 'Amsterdam Lijnwerkplaats aansl.', '', 0, 0),
(1021, 'Avh', 50, 52.61813, 5.01113, 'Avenhorn (ss)', '', 0, 0),
(1022, 'Awhva', 50, NULL, NULL, 'Amsterdam Westhaven aansl.', '', 0, 0),
(1023, 'Bg', 50, NULL, NULL, 'Berghem (os)', '', 0, 0),
(1024, 'Bnv', 50, NULL, NULL, 'Barneveld-Voorthuizen (os)', '', 0, 0),
(1025, 'Coea', 50, NULL, NULL, ' Coevorden aansl.', '', 0, 0),
(1026, 'Cra', 50, NULL, NULL, 'Crailoo aansl.', '', 0, 0),
(1028, 'Ehz', 50, NULL, NULL, 'Eindhoven Zuid (os)', '', 0, 0),
(1029, 'Esh', 50, NULL, NULL, 'Esch (ss)', '', 0, 0),
(1030, 'Etnvos', 50, NULL, NULL, 'Etten-Leur raccordement Vossendaal', '', 0, 0),
(1031, 'Gf', 50, NULL, NULL, 'Geffen (ss)', '', 0, 0),
(1032, 'Hrh', 50, NULL, NULL, '\'s-Heerenhoek', '', 0, 0),
(1033, 'Hrij', 50, 52.9354, 5.94383, 'Heerenveen IJsstadion', '', 0, 0),
(1034, 'Hv', 50, NULL, NULL, 'Helvoirt (ss)', '', 0, 0),
(1035, 'Kfh', 50, NULL, NULL, 'Kijfhoek', '', 0, 0),
(1036, 'Ko', 50, NULL, NULL, 'Kootwijk (os)', '', 0, 0),
(1037, 'Lna', 50, 52.07416, 5.1348, 'Lunetten aansl.', '', 0, 0),
(1038, 'Mbrvw', 50, NULL, NULL, 'Maasbrug Ravenstein Westzijde', '', 0, 0),
(1039, 'Mrl', 50, NULL, NULL, 'Mierlo-Hout', '', 0, 0),
(1040, 'Ndo', 50, NULL, NULL, 'Nootdorp Oost (ss)', '', 0, 0),
(1041, 'Ohz', 50, 52.57654, 5.00281, 'Oosthuizen (ss)', '', 0, 0),
(1042, 'Onwpl', 50, NULL, NULL, 'Onnen Lijnwerkplaats', '', 0, 0),
(1043, 'Ozn', 50, 52.46271, 4.86994, 'Oostzaan (os)', '', 0, 0),
(1044, 'Pap', 50, NULL, NULL, 'Pampuspad (os)', '', 0, 0),
(1045, 'Pp', 50, NULL, NULL, 'Peperga (os)', '', 0, 0),
(1046, 'Pth', 50, NULL, NULL, 'Poortershaven (ss)', '', 0, 0),
(1047, 'Rt', 50, NULL, NULL, 'Rotterdam', '', 0, 0),
(1048, 'Rtzg', 50, NULL, NULL, 'Rotterdam Zuid Goederenstation', '', 0, 0),
(1049, 'Slp', 50, NULL, NULL, 'Sloterpas (ss)', '', 0, 0),
(1050, 'Sp', 50, NULL, NULL, 'Seppe (ss)', '', 0, 0),
(1051, 'Sth', 50, NULL, NULL, 'Staphorst (os)', '', 0, 0),
(1052, 'Tbwph', 50, NULL, NULL, 'Tilburg Hoofdwerkplaats', '', 0, 0),
(1053, 'Tr', 50, NULL, NULL, 'Terschuur (ss)', '', 0, 0),
(1054, 'Twl', 1, 52.237777709961, 6.0986108779907, 'Twello', '', 0, 1),
(1055, 'Udt', 50, NULL, NULL, 'Udenhout (os)', '', 0, 0),
(1056, 'Utoz', 50, 52.08566, 5.11334, 'Utrecht Opstelterrein Zuid', '', 0, 1),
(1057, 'Vnd', 50, NULL, NULL, 'Veenendaal (ss)', '', 0, 0),
(1058, 'Wmd', 50, NULL, NULL, 'Warmond (ss)', '', 0, 0),
(1059, 'Wsl', 50, NULL, NULL, 'Weerselo (ss)', '', 0, 0),
(1060, 'Wtv', 1, 51.96286, 5.9695, 'Westervoort', '', 0, 1),
(1061, 'Zdl', 50, NULL, NULL, 'Vries-Zuidlaren (os)', '', 0, 0),
(1062, 'Zdr', 50, NULL, NULL, 'Zenderen (os)', '', 0, 0),
(1063, 'Zlwpl', 50, NULL, NULL, 'Zwolle Lijnwerkplaats', '', 0, 0),
(1065, 'INSTRU', 99, NULL, NULL, 'Instructie personeel', '', 0, 0),
(1066, 'Avat', 1, 52.192779541016, 5.4338889122009, 'Amersfoort Vathorst', 'Amf-Zl', 0, 1),
(1067, 'BX', 99, NULL, NULL, 'Reinigingsbeurt', '', 0, 0),
(1068, 'Hnt', 1, 52.6454, 5.05445, 'Hoorn tramstation', '', 0, 0),
(1069, 'COAN', 99, NULL, NULL, 'Chef order acceptatie noord', '', 0, 0),
(1071, 'Apdo', 1, 52.215278625488, 6.0044445991516, 'Apeldoorn Osseveld', '', 0, 1),
(1072, 'Hmbv', 1, 51.462223052979, 5.6072220802307, 'Helmond Brandevoort', '', 0, 1),
(1073, 'Vndwo', 1, 52.0264, 5.53721, 'Veenendaal-West overloopwissels', '', 0, 1),
(1074, 'Tpsw', 1, 51.873889923096, 5.39222240448, 'Tiel Passewaaij', '', 0, 1),
(1075, 'Apdm', 1, 52.205276489258, 6.0005555152893, 'Apeldoorn De Maten', '', 0, 1),
(1076, 'Vem', 1, 52.157501220703, 6.1436109542847, 'Voorst-Empe', '', 0, 1),
(1077, 'Gdr', 1, 51.93074, 6.3486, 'Gaanderen', '', 0, 1),
(1078, 'Bott', 1, NULL, NULL, 'Botlektunnel', '', 0, 1),
(1080, 'MRC', 99, NULL, NULL, 'Tbv materieel regelcentrum', '', 0, 0),
(1087, 'Div', 1, NULL, NULL, 'Onbekend', '', 0, 0),
(1138, 'Aco', 1, 52.26962, 4.9854, 'Abcoude overloopwissels', '', 0, 0),
(1139, 'Ashd', 1, 52.29844, 4.95972, 'Amsterdam Holendrecht', 'Dvd-Bkl', 0, 1),
(1153, 'Utzl', 1, 52.103055, 5.09, 'Utrecht Zuilen', 'Dvd-Ut', 0, 1),
(1161, 'U-sp', 1, NULL, NULL, 'onbekend', '', 0, 0),
(1185, 'Anger', 2, NULL, NULL, 'Angermunde (D)', '', 0, 0),
(1186, 'Baden', 2, NULL, NULL, 'Baden-Baden (D)', '', 0, 0),
(1187, 'Berhbl', 2, 52.52503, 13.36946, 'Berlin Hbf', '', 0, 0),
(1188, 'Berost', 2, 52.51044, 13.43482, 'Berlin Ostbahnhof (D)', '', 0, 0),
(1190, 'Bernau', 2, NULL, NULL, 'Bernau (D)', '', 0, 0),
(1191, 'Ebers', 2, NULL, NULL, 'Eberswalde Hbf (D)', '', 0, 0),
(1192, 'Freibb', 2, 47.9969, 7.84144, 'Freiburg Hbf (D)', '', 0, 0),
(1193, 'Minden', 2, 52.290138, 8.934728, 'Minden (Westf)', '', 0, 0),
(1194, 'Munchh', 2, 48.140203335951, 11.558346748352, 'München Hbf', '', 0, 0),
(1195, 'Stdal', 2, 52.6067, 11.83689, 'Stendal (D)', '', 0, 0),
(1196, 'Szcz', 11, NULL, NULL, 'Szczecin Glowny (PL)', '', 0, 0),
(1197, 'Szczg', 11, NULL, NULL, 'Szczecin Gumience (PL)', '', 0, 0),
(1198, 'Valtgv', 5, 44.9278, 4.89321, 'Valence TGV', '', 0, 0),
(1199, 'Wolfsb', 2, 52.42911, 10.78772, 'Wolfsburg Hbf (D)', '', 0, 0),
(1200, 'Ahau', 2, 52.08167, 7.01652, 'Ahaus (D)', '', 0, 0),
(1201, 'Alt', 2, 52.05229, 7.48124, 'Altenberge (D)', '', 0, 0),
(1202, 'Augsb', 2, 48.36559, 10.88544, 'Augsburg Hbf (D)', '', 0, 0),
(1203, 'Avtgv', 5, 43.92194, 4.78604, 'Avignon TGV', '', 0, 0),
(1204, 'Boe', 2, 50.7319, 7.09699, 'Bonen (D)', '', 0, 0),
(1205, 'Bois', 2, 51.27438, 6.27462, 'Boisheim (D)', '', 0, 0),
(1206, 'Bork', 2, 51.66926, 7.45624, 'Bork (D)', '', 0, 0),
(1207, 'Brey', 2, 51.29458, 6.24125, 'Breyell (D)', '', 0, 0),
(1208, 'Coes', 2, 51.93966, 7.16373, 'Coesfeld (D)', '', 0, 0),
(1209, 'Duelk', 2, 51.25705, 6.33811, 'Dulken (D)', '', 0, 0),
(1210, 'Dulm', 2, 51.82757, 7.29556, 'Dulmen (D)', '', 0, 0),
(1211, 'Dortm', 2, 51.51805, 7.45889, 'Dortmund Hbf (D)', '', 0, 0),
(1212, 'Dortd', 2, 51.56774, 7.52889, 'Dortmund-Derne (D)', '', 0, 0),
(1213, 'Dortk', 2, 51.54716, 7.51044, 'Dortmund-Kirchderne (D)', '', 0, 0),
(1214, 'Ekeren', 3, 51.28161, 4.43412, 'Ekeren (B)', '', 0, 1),
(1215, 'Ennep', 2, 51.29844, 7.35822, 'Ennepetal (D)', '', 0, 0),
(1216, 'Epe', 2, 52.18371, 7.03016, 'Epe (D)', '', 0, 0),
(1217, 'Gop', 2, 48.69993, 9.65221, 'Goppingen (D)', '', 0, 0),
(1218, 'Gunzb', 2, NULL, NULL, 'Gunzburg (D)', '', 0, 0),
(1219, 'Geisl', 2, 48.61948, 9.84184, 'Geislingen (D)', '', 0, 0),
(1220, 'Heide', 3, 51.36479, 4.46063, 'Heide (B)', '', 0, 1),
(1221, 'Holzw', 2, 51.50479, 7.62008, 'Holzwickede (D)', '', 0, 0),
(1222, 'Kolne', 2, NULL, NULL, 'Koln-Ehrenfeld (D)', '', 0, 0),
(1223, 'Kalmth', 3, 51.39111, 4.46668, 'Kalmthout (B)', '', 0, 1),
(1224, 'Kapell', 3, 51.31355, 4.43282, 'Kapellen (B)', '', 0, 1),
(1225, 'Lud', 2, 51.76264, 7.43118, 'Ludinghausen (D)', '', 0, 0),
(1226, 'Lun', 2, 51.61703, 7.5288, 'Lunen Hbf (D)', '', 0, 0),
(1227, 'Leg', 2, 52.03496, 7.08846, 'Legden (D)', '', 0, 0),
(1228, 'Lette', 2, 51.8926, 7.18692, 'Lette (D)', '', 0, 0),
(1229, 'Munsz', 2, 51.98426, 7.63845, 'Münster Zentrum Nord (D)', '', 0, 0),
(1230, 'Nien', 2, 52.02197, 7.56242, 'Munster-Hager (D)', '', 0, 0),
(1231, 'Mars', 5, 43.30381, 5.38195, 'Marseille-St-Charles', '', 0, 0),
(1232, 'Metel', 2, 52.16249, 7.25417, 'Metelen Land (D)', '', 0, 0),
(1233, 'Neuss', 2, 51.20444, 6.68468, 'Neuss Hbf', '', 0, 0),
(1234, 'Nord', 2, 52.07735, 7.46166, 'Nordwalde (D)', '', 0, 0),
(1235, 'Ocht', 2, 52.20163, 7.18427, 'Ochtrup (D)', '', 0, 0),
(1236, 'Ploch', 2, 48.71297, 9.41128, 'Plochingen (D)', '', 0, 0),
(1237, 'Preus', 2, 51.33125, 6.53472, 'Preussen (D)', '', 0, 0),
(1238, 'Pulh', 2, NULL, NULL, 'Pulheim (D)', '', 0, 0),
(1239, 'Romm', 2, NULL, NULL, 'Rommerskirchen (D)', '', 0, 0),
(1240, 'Holt', 2, 51.99868, 7.12232, 'Holtwick (D)', '', 0, 0),
(1241, 'Schwe', 2, 51.29061, 7.2897, 'Schwelm (D)', '', 0, 0),
(1242, 'Schwer', 2, 51.44259, 7.55917, 'Schwerte (D)', '', 0, 0),
(1243, 'Selm', 2, 51.70681, 7.45341, 'Selm (D)', '', 0, 0),
(1244, 'Selmb', 2, 51.69345, 7.4547, 'Selm-Beifang (D)', '', 0, 0),
(1245, 'Borg', 2, 52.11851, 7.39857, 'Borghorst (D)', '', 0, 0),
(1246, 'Burg', 2, 52.14714, 7.32975, 'Burgsteinfurt (D)', '', 0, 0),
(1247, 'Stomm', 2, NULL, NULL, 'Stommeln (D)', '', 0, 0),
(1248, 'Stutt', 2, 48.785, 9.18295, 'Stuttgart Hbf (D)', '', 0, 0),
(1249, 'Ulm', 2, 48.39953, 9.98239, 'Ulm Hbf (D)', '', 0, 0),
(1250, 'Unna', 2, 51.53886, 7.69422, 'Unna (D)', '', 0, 0),
(1251, 'Viers', 2, 51.25516, 6.40388, 'Viersen', '', 0, 0),
(1252, 'Wupph', 2, 51.25433, 7.14939, 'Wuppertal Hbf', '', 0, 0),
(1253, 'Wuppb', 2, 51.26699, 7.19504, 'Wuppertal-Barmen (D)', '', 0, 0),
(1254, 'Wuppo', 2, 51.27383, 7.22138, 'Wuppertal-Oberbarmen (D)', '', 0, 0),
(1255, 'And', 50, 51.26166, 4.42789, 'Antwerpen-Noorderdokken (B)', '', 0, 0),
(1256, 'Rheydt', 2, NULL, NULL, 'Rheydt Hbf (D)', '', 0, 0),
(1257, 'Bbg', 1, 52.1597, 5.98708, 'Beekbergen', '', 0, 1),
(1258, 'Skn', 1, 52.9965, 6.93514, 'Stadskanaal', '', 0, 1),
(1259, 'Gerp', 1, 53.20480027, 6.5854178, 'Groningen Europapark', '', 0, 1),
(1260, 'Wdb', 1, 51.8319, 5.25895, 'Waardenburg', '', 0, 1),
(1261, 'Mainz', 2, NULL, NULL, 'Mainz Hbf (D)', '', 0, 0),
(1262, 'Koblen', 2, 50.35077, 7.58842, 'Koblenz Hbf (D)', '', 0, 0),
(1263, 'Wurzb', 2, 49.80179, 9.9358, 'Würzburg Hbf (D)', '', 0, 0),
(1264, 'Hrlk', 1, 50.89017, 5.99334, 'Heerlen De Kissel', '', 0, 1),
(1265, 'Pmw', 1, 52.496590632542, 4.9356293678284, 'Purmerend Weidevenne', '', 0, 1),
(1266, 'Eghm', 1, 50.896049819644, 6.0602474212646, 'Eygelshoven Markt', '', 0, 1),
(1267, 'Offen', 2, 48.4768, 7.94673, 'Offenburg (D)', '', 0, 0),
(1268, 'Wienw', 9, 48.19687, 16.33793, 'Wien Westbahnhof (A)', '', 0, 0),
(1269, 'Garp', 2, NULL, NULL, 'Garmisch-Partenkirchen (D)', '', 0, 0),
(1270, 'Obera', 2, NULL, NULL, 'Oberau (D)', '', 0, 0),
(1271, 'Murn', 2, NULL, NULL, 'Murnau (D)', '', 0, 0),
(1272, 'Weilh', 2, NULL, NULL, 'Weilheim (D)', '', 0, 0),
(1273, 'Berfl', 2, NULL, NULL, 'Berlin-Schönefeld Flughafen (D)', '', 0, 0),
(1274, 'Chamb', 5, 45.57127, 5.91953, 'Chambéry', '', 0, 0),
(1275, 'Albert', 5, 45.67302, 6.38306, 'Albertville', '', 0, 0),
(1276, 'Mout', 5, 45.48664, 6.53105, 'Moutiers-Salins-Brides', '', 0, 0),
(1277, 'Aime', 5, 45.55438, 6.64869, 'Aime-la-Plagne', '', 0, 0),
(1278, 'Landry', 5, 45.57414, 6.73378, 'Landry', '', 0, 0),
(1279, 'Bourg', 5, 45.61918, 6.77167, 'Bourg-St-Maurice', '', 0, 0),
(1281, 'Vv', 1, 53.2559, 6.24697, 'Visvliet', '', 0, 1),
(1282, 'Utlr', 1, 52.09896, 5.06523, 'Utrecht Leidsche Rijn', '', 0, 1),
(1283, 'Ddrz', 1, 51.8095, 4.65331, 'Dordrecht Zeehaventerrein', '', 0, 1),
(1284, 'Lwd', 1, 51.50188, 3.75137, 'Lewedorp', '', 0, 1),
(1285, 'Berlig', 2, NULL, NULL, 'Berlin-Gesundbrunnen (D)', '', 0, 0),
(1286, 'Milanc', 7, NULL, NULL, 'Milano Centrale (I)', '', 0, 0),
(1287, 'Mmlh', 1, 51.766262, 5.879133, 'Mook Molenhoek', '', 0, 1),
(1288, 'Le', 9, NULL, NULL, 'Landeck-Zams (A)', '', 0, 1),
(1289, 'W', 9, NULL, NULL, 'Wörgl (A)', '', 0, 1),
(1290, 'Utilw', 1, 52.1113, 5.06196, 'Utrecht Industrieterrein Lage Weide', '', 0, 1),
(1291, 'TBORES', 99, NULL, NULL, 'Transport besturings organisatie reserve', '', 0, 0),
(1294, 'Berhost', 2, NULL, NULL, 'Berlin Hbf Ost (D)', '', 0, 1),
(1295, 'Nvdw', 1, 52.36709, 6.44928, 'Nijverdal West', '', 0, 1),
(1296, 'Assp', 1, 52.35526, 4.94651, 'Amsterdam Science Park', '', 0, 1),
(1297, 'Atwlb', 3, 51.2449375, 4.4251543, 'Antwerpen-Luchtbal', '', 0, 1),
(1298, 'Awtg', 3, 51.25326, 4.4256, 'Antwerpen Groenendaal (B)', '', 0, 1),
(1300, 'Stb', 1, 52.54788, 5.54013, 'Swifterbant, goederenwachtsporen', 'Hanzelijn', 0, 1),
(1301, 'Dron', 1, 52.5344, 5.72089, 'Dronten', 'Hanzelijn', 0, 1),
(1302, 'Kpnzow', 1, 52.53494, 5.91002, 'Kampen Zuid overloopwissels west', 'Hanzelijn', 0, 1),
(1303, 'Kpnz', 1, 52.5331, 5.91309, 'Kampen Zuid', 'Hanzelijn', 0, 1),
(1304, 'Kpnzoo', 1, 52.53233, 5.91491, 'Kampen Zuid overloopwissels oost', 'Hanzelijn', 0, 1),
(1305, 'Htba', 1, 52.48859, 6.05641, 'Hattemerbroek Aansluiting, aansluiting Hanzelijn op Veluwelijn', '', 0, 1),
(1306, 'Hrlw', 1, 50.896667, 5.952222, 'Heerlen Woonboulevard', '', 0, 1),
(1307, 'Emnz', 1, 52.748866374691, 6.8747806549072, 'Emmen Zuid', '', 0, 1),
(1308, 'Bhf', 2, 52.5104989, 13.4346995, 'Berlin Ostbahnhof', '', 0, 0),
(1309, 'Bspd', 2, 52.5343152, 13.1989467, 'Berlin-Spandau', '', 0, 0),
(1310, 'Ls', 2, 52.594723, 11.854412, 'Stendal', '', 0, 0),
(1311, 'Hwob', 2, 52.429492, 10.788195, 'Wolfsburg Hbf', '', 0, 0),
(1312, 'Bhdv', 1, 51.832222, 4.878056, 'Boven-Hardinxveld', '', 0, 1),
(1313, 'Sdtb', 1, 51.829722, 4.743333, 'Sliedrecht Baanhoek', '', 0, 1),
(1314, 'Bzm', 50, 51.82962, 4.81553, 'Blauwe Zoom', '', 0, 1),
(1315, 'Wdmv', 1, 52.07199, 4.84775, 'Woerden Molenvliet', 'Gd-Ut', 0, 0),
(1316, 'Vdma', 1, 53.13251, 6.89298, 'Veendam aansluiting', 'Zb-Vdm', 0, 1),
(1317, 'Ssh', 1, 52.215278, 4.517222, 'Sassenheim', '', 0, 1),
(1318, 'Dzsh', 1, NULL, NULL, 'Delfzijl Stamlijn Havenschap', '', 0, 1),
(1319, 'Llsoa', 1, 52.54835, 5.49462, 'Lelystad opstel aansluiting', '', 0, 1),
(1320, 'TOBS', 99, NULL, NULL, 'Ten onrechte bezet spoor', '', 0, 0),
(1321, 'STS', 99, NULL, NULL, 'Stop tonend sein', '', 0, 0),
(1322, 'LM', 99, NULL, NULL, 'Ledig materieel', '', 0, 0),
(1323, 'Utvr', 1, 52.078889, 5.121667, 'Utrecht Vaartsche Rijn', '', 0, 1),
(1324, 'Ova', 1, NULL, NULL, 'Oostvoorne aansluiting (uitbreiding Maasvlakte)', '', 0, 1),
(1325, 'Krdz', 1, NULL, NULL, 'Kerkrade ZLSM', '', 0, 1),
(1326, 'Hglg', 1, 52.261667, 6.773611, 'Hengelo Gezondheidspark', '', 0, 1),
(1327, 'Hvl', 1, 52.16652, 5.45718, 'Hoevelaken', '', 0, 0),
(1328, 'Ampo', 1, 52.342778, 5.151944, 'Almere Poort', 'Wp-Lls', 0, 1),
(1329, 'Odzg', 1, 7.04, 52.3091, 'Oldenzaal Grens', '', 0, 1),
(1330, 'Eahs', 2, 52.079796120944, 7.0163583755493, 'Ahaus', '', 0, 0),
(1331, 'Aixtgv', 5, 43.522819077343, 5.4453134536743, 'Aix-en-Provence TGV', '', 0, 0),
(1332, 'Aless', 7, 44.90927, 8.60649, 'Alessandria (I)', '', 0, 0),
(1333, 'Eabg', 2, 52.05223, 7.481202, 'Altenberge', '', 0, 0),
(1334, 'Andd', 3, 51.261686, 4.4274315, 'Antwerpen-Noorderdokken', '', 0, 1),
(1335, 'Ashfd', 4, 51.14371, 0.87612, 'Ashford International (GB)', '', 0, 0),
(1336, 'Ma', 2, 48.365430714393, 10.88547706604, 'Augsburg Hbf', '', 0, 0),
(1337, 'Oeynh', 2, 52.205461, 8.796932, 'Bad Oeynhausen', '', 0, 0),
(1338, 'Badenz', 6, 47.47638, 8.30772, 'Baden (CH)', '', 0, 0),
(1339, 'Rbb', 2, 48.79008, 8.19047, 'Baden-Baden (D)', '', 0, 0),
(1340, 'Gsb', 2, 52.5486327, 13.3904267, 'Berlin Gesundbrunnen', '', 0, 0),
(1341, 'Bielef', 2, 52.029261, 8.532722, 'Bielefeld Hbf', '', 0, 0),
(1342, 'Bischo', 9, 47.41748, 13.21991, 'Bischofshofen (A)', '', 0, 0),
(1343, 'Bluden', 9, 47.15473, 9.81456, 'Bludenz (A)', '', 0, 0),
(1344, 'Bchz', 2, 51.83412, 6.62043, 'Bocholt (D)', '', 0, 0),
(1345, 'Kboi', 2, 51.274323, 6.274591, 'Boisheim', '', 0, 0),
(1346, 'Ebok', 2, 51.66988, 7.45664, 'Bork (Westf)', '', 0, 0),
(1347, 'Kbry', 2, 51.294615, 6.241174, 'Breyell', '', 0, 0),
(1348, 'Fr', 3, 51.19767, 3.21785, 'Brugge (B)', '', 0, 1),
(1349, 'Ebeo', 2, 51.598015, 7.757296, 'Bönen', '', 0, 0),
(1350, 'Ecmf', 2, 51.939, 7.1642, 'Coesfeld (Westf)', '', 0, 0),
(1351, 'Como', 7, 45.80493, 9.09084, 'Como (I)', '', 0, 0),
(1352, 'Dvt', 1, 52.24918, 6.21361, 'Deventer De Scheg', '', 0, 0),
(1353, 'Edd', 2, 51.56754, 7.52855, 'Dortmund Derne', '', 0, 0),
(1354, 'Edo', 2, 51.517896, 7.45929, 'Dortmund Hbf', '', 0, 0),
(1355, 'Edkd', 2, 51.547076, 7.510099, 'Dortmund Kirchderne', '', 0, 0),
(1356, 'Kdul', 2, 51.257149, 6.33793, 'Dülken', '', 0, 0),
(1357, 'Edulh', 2, 51.827927, 7.295756, 'Dülmen', '', 0, 0),
(1358, 'Ebbs', 4, 51.44297, 0.32095, 'Ebbsfleet International (GB)', '', 0, 0),
(1359, 'Lkr', 3, 51.2816099, 4.4341227, 'Ekeren', '', 0, 1),
(1360, 'Eenp', 2, 51.304892, 7.343285, 'Ennepetal', '', 0, 0),
(1361, 'Eepe', 2, 52.18346, 7.03009, 'Epe (Westf)', '', 0, 0),
(1362, 'Esch', 2, 50.81353, 6.25194, 'Eschweiler Hbf (D)', '', 0, 0),
(1363, 'Escht', 2, 50.81476, 6.2632, 'Eschweiler Talbahnhof (D)', '', 0, 0),
(1364, 'Eschn', 2, 50.81283, 6.29385, 'Eschweiler-Nothberg (D)', '', 0, 0),
(1365, 'Eweis', 2, 50.82437, 6.32068, 'Eschweiler-Weisweiler (D)', '', 0, 0),
(1366, 'Eschw', 2, 50.81771, 6.25172, 'Eschweiler-West (D)', '', 0, 0),
(1367, 'Franko', 2, 52.33616, 14.54651, 'Frankfurt (Oder) (D)', '', 0, 0),
(1368, 'Rf', 2, 47.99789, 7.84134, 'Freiburg (Breisgau) Hbf', '', 0, 0),
(1369, 'Frutig', 6, 46.58872, 7.65152, 'Frutigen (CH)', '', 0, 0),
(1370, 'Fgsp', 3, 51.03618, 3.71085, 'Gent Sint Pieters (B)', '', 0, 1),
(1371, 'Goppen', 6, 46.36774, 7.75502, 'Goppenstein (CH)', '', 0, 0),
(1372, 'Tgo', 2, 48.700191, 9.651685, 'Göppingen', '', 0, 0),
(1373, 'Mgzb', 2, 48.460226, 10.278707, 'Günzburg', '', 0, 0),
(1374, 'Hwzb', 1, 52.385935, 4.747165, 'Halfweg-Zwanenburg', '', 0, 1),
(1375, 'Hbzm', 1, 51.82944, 4.81556, 'Hardinxveld Blauwe Zoom', '', 0, 0),
(1376, 'Mid', 3, 51.364828, 4.4604308, 'Heide (B)', '', 0, 1),
(1377, 'Fkb', 1, 52.25581, 6.80945, 'Hengelo FBK stadion', '', 0, 0),
(1378, 'Ehzw', 2, 51.504767, 7.619647, 'Holzwickede', '', 0, 0),
(1379, 'Hopf', 9, 47.45525, 12.14921, 'Hopfgarten (A)', '', 0, 0),
(1380, 'Innsb', 9, 47.26328, 11.401, 'Innsbruck Hbf', '', 0, 0),
(1381, 'Fkth', 3, 51.3909989, 4.4668202, 'Kalmthout', '', 0, 1),
(1382, 'Kander', 6, 46.49551, 7.67129, 'Kandersteg (CH)', '', 0, 0),
(1383, 'Lkp', 3, 51.31362, 4.43262, 'Kapellen', '', 0, 1),
(1384, 'Krw', 1, 50.85355, 6.02578, 'Kerkrade West', '', 0, 0),
(1385, 'Gkt', 3, 51.37867, 4.46722, 'Kijkuit', '', 0, 1),
(1386, 'Kirchb', 9, 47.44897, 12.30739, 'Kirchberg in Tirol (A)', '', 0, 0),
(1387, 'Kitzb', 9, 47.45412, 12.39066, 'Kitzbühel (A)', '', 0, 0),
(1388, 'Kko', 2, 50.351085, 7.588649, 'Koblenz Hbf', '', 0, 0),
(1389, 'Land', 9, 47.14816, 10.57834, 'Landeck (A)', '', 0, 0),
(1390, 'Lang', 2, 50.81752, 6.35519, 'Langerwehe (D)', '', 0, 0),
(1391, 'Elgd', 2, 52.034924, 7.088538, 'Legden', '', 0, 0),
(1392, 'Elet', 2, 51.8925, 7.187, 'Lette (Kr Coesfeld)', '', 0, 0),
(1393, 'Livor', 7, 43.55421, 10.3364, 'Livorno Centrale (I)', '', 0, 0),
(1394, 'Londs', 4, 51.5305, 0.12563, 'London St. Pancras (GB)', '', 0, 0),
(1395, 'Eldh', 2, 51.76184, 7.43165, 'Lüdinghausen', '', 0, 0),
(1396, 'Elue', 2, 51.61713, 7.52949, 'Lünen Hbf', '', 0, 0),
(1397, 'Emte', 2, 52.162444, 7.254423, 'Metelen Land', '', 0, 0),
(1398, 'Enhf', 2, 51.984987, 7.63861, 'Münster (W) Zentrum Nord', '', 0, 0),
(1399, 'Enbe', 2, 52.022327, 7.562668, 'Münster-Häger', '', 0, 0),
(1400, 'Enow', 2, 52.077618, 7.461706, 'Nordwalde', '', 0, 0),
(1401, 'Eop', 2, 52.201703, 7.182643, 'Ochtrup', '', 0, 0),
(1402, 'Ro', 2, 48.476475, 7.946723, 'Offenburg', '', 0, 0),
(1403, 'Fsd', 3, 51.22793, 2.92532, 'Oostende (B)', '', 0, 1),
(1404, 'Tp', 2, 48.71308, 9.41081, 'Plochingen', '', 0, 0),
(1405, 'Eprn', 2, 51.58833, 7.53933, 'Preussen', '', 0, 0),
(1406, 'Ehw', 2, 51.99946726041, 7.1215009689331, 'Rosendahl-Holtwick', '', 0, 0),
(1407, 'Rtdzpl', 1, 51.8864, 4.48804, 'Rotterdam Zuidplein', '', 0, 0),
(1408, 'Saalf', 9, 47.42682, 12.82941, 'Saalfelden (A)', '', 0, 0),
(1409, 'Kswe', 2, 51.290526, 7.289681, 'Schwelm', '', 0, 0),
(1410, 'Esrt', 2, 51.442281, 7.55896, 'Schwerte (Ruhr)', '', 0, 0),
(1411, 'Esem', 2, 51.707885, 7.453396, 'Selm', '', 0, 0),
(1412, 'Eseb', 2, 51.692947, 7.454829, 'Selm-Beifang', '', 0, 0),
(1413, 'Spv', 1, 50.83147, 5.97974, 'Simpelveld', '', 0, 0),
(1414, 'Stjohp', 9, 47.34809, 13.19481, 'St. Johann im Pongau (A)', '', 0, 0),
(1415, 'Stjoh', 9, 47.52006, 12.43015, 'St. Johann in Tirol (A)', '', 0, 0),
(1416, 'Egrk', 2, 52.123439, 7.376031, 'Steinfurt-Grottenkamp', '', 0, 0),
(1417, 'Ebgo', 2, 52.118791, 7.397581, 'Steinfurt-Borghorst', '', 0, 0),
(1418, 'Ebft', 2, 52.147384, 7.32934, 'Steinfurt-Burgsteinfurt', '', 0, 0),
(1419, 'Ts', 2, 48.784084, 9.181635, 'Stuttgart Hbf', '', 0, 0),
(1420, 'Wta', 2, 53.26928, 14.34793, 'Tantow (D)', '', 0, 0),
(1421, 'Thun', 6, 46.75485, 7.6296, 'Thun (CH)', '', 0, 0),
(1422, 'Tu', 2, 48.399015, 9.982165, 'Ulm Hbf', '', 0, 0),
(1423, 'Eun', 2, 51.5385828, 7.6953056, 'Unna', '', 0, 0),
(1424, 'Gwd', 3, 51.4277061, 4.4633962, 'Wildert', '', 0, 1),
(1425, 'Kwba', 2, 51.267082, 7.195929, 'Wuppertal-Barmen', '', 0, 0),
(1426, 'Kwo', 2, 51.273839, 7.221483, 'Wuppertal Oberbarmen', '', 0, 0),
(1427, 'Wuppv', 2, 51.23351, 7.07237, 'Wuppertal-Vohwinkel', '', 0, 0),
(1428, 'Worgl', 9, 47.4918, 12.06058, 'Wörgl (A)', '', 0, 0),
(1429, 'Zell', 9, 47.32052, 12.79655, 'Zell am See (A)', '', 0, 0),
(1430, 'Zue', 6, 47.37819, 8.5392, 'Zürich HB', '', 0, 0),
(1431, 'Oetz', 9, 47.23844, 10.85911, 'Ötztal (A)', '', 0, 0),
(1432, 'Domod', 7, 46.11524, 8.2961, 'Domodossola (I)', '', 0, 0),
(1433, 'Nurnb', 2, 49.44496, 11.08261, 'Nürnberg Hbf (D)', '', 0, 0),
(1434, 'Spiez', 6, 46.68639, 7.67966, 'Spiez (CH)', '', 0, 0),
(1435, 'Wij', 1, 50.83306, 5.89806, 'Wijlre-Gulpen', '', 0, 0),
(1436, 'Wtm', 1, 50.82317, 5.92479, 'Eijs-Wittem', '', 0, 0),
(1437, 'Llsstb', 1, 52.54734, 5.54651, 'Lelystad-Swifterbant', '', 0, 1),
(1438, 'Stbdro', 1, 52.53418, 5.72106, 'Swifterbant-Dronten', '', 0, 1),
(1439, 'Drokpz', 1, 52.52425, 5.80112, 'Dronten-Kampen Zuid', '', 0, 1),
(1440, 'Kpzhtb', 1, NULL, NULL, 'Kampen Zuid aansluiting Hattemerbroek', '', 0, 1),
(1441, 'Ndkp', 3, 51.3573, 4.63273, 'Noorderkempen', '', 0, 1),
(1442, 'Fnzg', 3, 51.19785, 4.39027, 'Antwerpen-Zuid (B)', '', 0, 1),
(1443, 'Fmb', 3, 51.09063, 4.36057, 'Boom', '', 0, 1),
(1444, 'Brusl', 3, 50.89575, 4.48113, 'Brussel Nat. Luchthaven (B)', '', 0, 1),
(1445, 'Lkm', 3, 51.13624, 4.33828, 'Hemiksem', '', 0, 1),
(1446, 'Foe', 3, 51.18285, 4.34831, 'Hoboken-Polder', '', 0, 1),
(1447, 'Lni', 3, 51.11154, 4.33845, 'Niel', '', 0, 1),
(1448, 'Frp', 3, 51.07716, 4.28273, 'Puurs', '', 0, 1),
(1449, 'Fsv', 3, 51.08115, 4.32551, 'Ruisbroek-Sauvegarde', '', 0, 1),
(1450, 'Schll', 3, 51.12555, 4.34023, 'Schelle', '', 0, 1),
(1451, 'Fnzd', 3, 51.19785, 4.39027, 'Antwerpen-Zuid', '', 0, 1),
(1452, 'Fdp', 3, 51.09139, 4.49306, 'Duffel (B)', '', 0, 1),
(1453, 'Mho', 3, 51.15361, 4.46528, 'Hove (B)', '', 0, 1),
(1454, 'Fki', 3, 51.13389, 4.47667, 'Kontich (B)', '', 0, 1),
(1455, 'Lnk', 3, 51.03, 4.49, 'Mechelen-Nekkerspoel (B)', '', 0, 1),
(1456, 'Gmd', 3, 51.1825, 4.44722, 'Mortsel-Deurnesteenweg (B)', '', 0, 1),
(1457, 'Gmog', 3, 51.17111, 4.45583, 'Mortsel-Oude God (B)', '', 0, 1),
(1458, 'Fwa', 3, 51.07, 4.49611, 'Sint-Katelijne-Waver (B)', '', 0, 1),
(1459, 'Vmw', 1, 52.330134, 4.92975, 'Amsterdam Van der Madeweg', '', 0, 0),
(1460, 'Konin', 11, 52.23702, 18.22069, 'Konin (PL)', '', 0, 0),
(1461, 'Kutno', 11, 52.22694, 19.34859, 'Kutno (PL)', '', 0, 0),
(1462, 'Pozn', 11, 52.40199, 16.91087, 'Poznan (PL)', '', 0, 0),
(1463, 'Rzepin', 11, 52.35022, 14.81507, 'Rzepin (PL)', '', 0, 0),
(1464, 'Warszc', 11, 52.22886, 21.00323, 'Warszawa Centralna (PL)', '', 0, 0),
(1465, 'Warsaw', 11, 52.25155, 21.05233, 'Warszawa Wschodnia (PL)', '', 0, 0),
(1466, 'Magdeb', 2, 52.13035, 11.62689, 'Magdeburg (D)', '', 0, 0),
(1467, 'Hvsm', 1, 52.238056182861, 5.1738886833191, 'Hilversum Media Park', '', 0, 1),
(1468, 'Mtn', 1, 50.87087, 5.71774, 'Maastricht Noord', '', 0, 0),
(1469, 'Lob', 3, 51.09932, 4.23996, 'Bornem (B)', '', 0, 1),
(1470, 'Fts', 3, 51.12955, 4.21275, 'Temse (B)', '', 0, 1),
(1471, 'Fsn', 3, 51.171944, 4.144167, 'Sint-Niklaas', '', 0, 1),
(1472, 'Kbfl', 2, NULL, NULL, 'Köln/Bonn Flughafen (D)', '', 0, 1),
(1473, 'Bsks', 1, 52.067658, 4.646186, 'Boskoop Snijdelwijk', '', 0, 1),
(1474, 'Htnww', 1, NULL, NULL, 'Houten Werkwissel', 'Htn - Utl', 0, 0),
(1475, 'Lille', 5, 50.62754, 3.08538, 'Lille (F)', '', 0, 1),
(1476, 'Mvtwn', 1, NULL, NULL, 'Maasvlakte west terminal noord', '', 0, 0),
(1477, 'Mvtwz', 1, NULL, NULL, 'Maasvlakte west terminal zuid', '', 0, 0),
(1478, 'Mvtww', 1, NULL, NULL, 'Maasvlakte west west', '', 0, 0),
(1479, 'Mvtwwn', 1, NULL, NULL, 'Maasvlakte west west terminal noord', '', 0, 0),
(1480, 'Mvtwwz', 1, NULL, NULL, 'Maasvlakte west west terminal zuid', '', 0, 0),
(1481, 'Mvten', 1, NULL, NULL, 'Maasvlakte Europahaven noord', '', 0, 0),
(1482, 'Mvtez', 1, NULL, NULL, 'Maasvlakte Europahaven zuid', '', 0, 0),
(1483, 'Mvtena', 1, NULL, NULL, 'Maasvlakte Europahaven noord aansluiting', '', 0, 0),
(1484, 'Mvtnwa', 1, NULL, NULL, 'Maasvlakte noord west aansluiting', '', 0, 0),
(1485, 'Mvtah', 1, NULL, NULL, 'Maasvlakte Prinses Amaliahaven', '', 0, 0),
(1486, 'Mvtahn', 1, NULL, NULL, 'Maasvlakte Prinses Amaliahaven noord', '', 0, 0),
(1487, 'Mvtaho', 1, NULL, NULL, 'Maasvlakte Prinses Amaliahaven oost', '', 0, 0),
(1488, 'Mvtahz', 1, NULL, NULL, 'Maasvlakte Prinses Amaliahaven zuid', '', 0, 0),
(1489, 'Mvtahw', 1, NULL, NULL, 'Maasvlakte Prinses Amaliahaven west', '', 0, 0),
(1490, 'Mvtax', 1, NULL, NULL, 'Maasvlakte Prinses Alexiahaven', '', 0, 0),
(1491, 'Mvtyz', 1, NULL, NULL, 'Maasvlakte Yangtzehaven zuid', '', 0, 0),
(1492, 'Mvtyn', 1, NULL, NULL, 'Maasvlakte Yangtzehaven noord', '', 0, 0),
(1493, 'Asdzo', 1, NULL, NULL, 'Amsterdam Zuid Overloopwissel', '', 0, 0),
(1494, 'Dtmt', 1, NULL, NULL, 'Drontermeertunnel', '', 0, 0),
(1495, 'Dtzo', 1, NULL, NULL, 'Delft Zuid Overloopwissel', '', 0, 0),
(1496, 'Hzg', 1, NULL, NULL, 'Herzogenrath Grens', '', 0, 0),
(1497, 'Lillee', 5, 50.639444, 3.074722, 'Lille Europe', '', 0, 0),
(1498, 'Nmgo', 1, 51.8273, 5.822722, 'Nijmegen Goffert', '', 0, 0),
(1499, 'Fbnl', 3, 50.896389, 4.481943, 'Brussels Airport-Zaventem', '', 0, 1),
(1500, 'Bersud', 2, NULL, NULL, 'Berlin Südkreuz (D)', '', 0, 1),
(1501, 'Berzoo', 2, NULL, NULL, 'Berlin Zoo (D)', '', 0, 1),
(1502, 'Bfbi', 2, NULL, NULL, 'Berlin Brandenburg Flughafen (D)', '', 0, 1),
(1503, 'Bnz', 1, 52.128853, 5.60246, 'Barneveld Zuid', '', 0, 1),
(1504, 'Hnow', 1, NULL, NULL, 'Heino West (os)', '', 0, 1),
(1505, 'Nvdo', 1, NULL, NULL, 'Nijverdal Oost (os)', '', 0, 1),
(1506, 'Rato', 1, NULL, NULL, 'Raalte Oost (os)', '', 0, 1),
(1507, 'Bpaf', 2, NULL, NULL, 'Berlin Südkreuz (D)', '', 0, 1),
(1508, 'Fhs', 3, 50.930555, 5.3275, 'Hasselt', '', 0, 1),
(1509, 'Saingh', 5, NULL, NULL, 'Sainghin (F)', '', 0, 1),
(1510, 'Stp', 4, 51.531437, -0.126136, 'London St. Pancras Int.', '', 0, 1),
(1511, 'Lhs', 3, 50.66076, 5.62231, 'Herstal', '', 0, 1),
(1512, 'Esk', 1, 52.23749923706, 6.8388891220093, 'Enschede Kennispark', '', 0, 1),
(1513, 'Fwd', 1, 53.2351834, 5.9886615, 'Feanwâlden', '', 0, 1),
(1514, 'Dwe', 1, 53.24817, 6.03463, 'De Westereen', '', 0, 1),
(1515, 'Fbr', 3, 51.208056, 4.259444, 'Beveren', '', 0, 1),
(1516, 'Flk', 3, 51.107222, 3.985833, 'Lokeren', '', 0, 1),
(1517, 'Fnu', 3, 51.185556, 4.185832, 'Nieuwkerken-Waas', '', 0, 1),
(1518, 'Fsw', 3, 51.13196, 4.04263, 'Sinaai (B)', '', 0, 1),
(1519, 'Lm', 3, 51.210556, 4.286667, 'Melsele', '', 0, 1),
(1520, 'Llb', 3, 51.150833, 4.088332, 'Belsele', '', 0, 1),
(1521, 'Lzd', 3, 51.214167, 4.33, 'Zwijndrecht (B)', '', 0, 1),
(1522, 'Rhge', 50, NULL, NULL, 'Rheden goederenemplacement', '', 0, 0),
(1523, 'Asg', 50, NULL, NULL, 'Amsterdam goederenstation', '', 0, 0);
INSERT INTO `somda_verk` (`afkid`, `afkorting`, `landid`, `latitude`, `longitude`, `description`, `traject`, `route_overstaptijd`, `spot_allowed`) VALUES
(1524, 'KROL', 99, NULL, NULL, 'Kraan op lorries', '', 0, 0),
(1525, 'Utza', 1, NULL, NULL, 'Utrecht zuid aansluiting', '', 0, 1),
(1526, 'Zzs', 1, 52.469165802002, 4.8049998283386, 'Zaandijk Zaanse Schans', '', 0, 1),
(1527, 'Kz', 1, 52.458610534668, 4.8055553436279, 'Koog aan de Zaan', '', 0, 1),
(1528, 'Utln', 1, 52.06555557251, 5.144166469574, 'Utrecht Lunetten', 'Ut-Ht', 0, 1),
(1529, 'FFF', 99, NULL, NULL, 'Flirt fast forward', '', 0, 0),
(1530, 'TAG', 99, NULL, NULL, 'Trein Alphen-Gouda', '', 0, 0),
(1531, 'SNG', 99, NULL, NULL, 'Sprinter nieuwe generatie', '', 0, 0),
(1532, 'Fbx', 3, 50.64383, 5.61125, 'Bressoux (B)', '', 0, 1),
(1533, 'Fl', 3, 50.62436, 5.56648, 'Liège-Guillemins (B)', '', 0, 1),
(1534, 'Flj', 3, 50.64051, 5.56197, 'Liège-Carré', '', 0, 1),
(1535, 'Flgp', 3, 50.64648, 5.57072, 'Liège-Saint-Lambert', '', 0, 1),
(1536, 'Lsl', 3, 50.69822, 5.56848, 'Liers', '', 0, 1),
(1537, 'Lgl', 3, 50.750277, 5.535278, 'Glons', '', 0, 1),
(1538, 'Ftg', 3, 50.784167, 5.473056, 'Tongeren', '', 0, 1),
(1539, 'Fie', 3, 50.868333, 5.509167, 'Bilzen', '', 0, 1),
(1540, 'Gdp', 3, 50.910278, 5.419722, 'Diepenbeek', '', 0, 1),
(1541, 'LUD', 99, NULL, NULL, 'Landelijke uitgedunde dienstregeling', '', 0, 0),
(1542, 'NABO', 99, NULL, NULL, 'Niet actief beveiligde overweg', '', 0, 0),
(1543, 'VMS', 99, NULL, NULL, 'Veiligheidsmanagement-systeem', '', 0, 0),
(1544, 'SDO', 99, NULL, NULL, 'Selectieve deur ontgrendeling', '', 0, 0),
(1545, 'PV', 99, NULL, NULL, 'Perronverwijzer', '', 0, 0),
(1546, 'TB7', 99, NULL, NULL, 'Scherm met de eerste 7 treinen die vertrekken', '', 0, 0),
(1547, 'Wadt', 1, 52.02725, 4.6491, 'Waddinxveen Triangel', '', 0, 1),
(1548, 'Zlsh', 1, 52.52764, 6.05146, 'Zwolle Stadshagen', '', 0, 1),
(1549, 'Kdffh', 2, 51.292009, 6.786836, 'Düsseldorf Flughafen', '', 0, 1),
(1550, 'Eoht', 2, NULL, NULL, 'Oberhausen-Holten (D)', '', 0, 1),
(1551, 'Edin', 2, NULL, NULL, 'Dinslaken (D)', '', 0, 1),
(1552, 'Evd', 2, NULL, NULL, 'Voerde(Niederrhein) (D)', '', 0, 1),
(1553, 'Effd', 2, NULL, NULL, 'Friedrichsfeld (Niederrhein) (D)', '', 0, 1),
(1554, 'Ewfk', 2, NULL, NULL, 'Wesel Feldmark (D)', '', 0, 1),
(1555, 'Emho', 2, NULL, NULL, 'Mehrhoog (D)', '', 0, 1),
(1556, 'Ehad', 2, NULL, NULL, 'Haldern (Rheinl) (D)', '', 0, 1),
(1557, 'Eemp', 2, NULL, NULL, 'Empel-Rees (D)', '', 0, 1),
(1558, 'Emil', 2, NULL, NULL, 'Millingen(b Rees) (D)', '', 0, 1),
(1559, 'Epra', 2, NULL, NULL, 'Praest (D)', '', 0, 1),
(1560, 'NFL', 99, NULL, NULL, 'Niet Forum Lid (internet-taal)', '', 0, 0),
(1561, 'DEUVM', 99, NULL, NULL, 'Doe Er Uw Voordeel Mee (internet-taal)', '', 0, 0),
(1562, 'Vdgvch', 1, NULL, NULL, 'Vlaardingen Vulcaanhaven', '', 0, 1),
(1563, 'Sa', 2, NULL, NULL, 'Salzbergen', '', 0, 1),
(1564, 'Axah', 1, NULL, NULL, 'Axel Autrichehaven', '', 0, 1),
(1565, 'Axia', 1, NULL, NULL, 'Axel Industrie Aansluiting', '', 0, 0),
(1566, 'Brv', 1, NULL, NULL, 'Bareveld', '', 0, 1),
(1567, 'Eemi', 1, NULL, NULL, 'Eemshaven industrie (km 6.50)', '', 0, 1),
(1568, 'Eemia', 1, NULL, NULL, 'Eemshaven industrie aansluiting (km 4.84)', '', 0, 1),
(1569, 'Llzm', 1, 52.042222, 4.517222, 'Lansingerland-Zoetermeer', '', 0, 1),
(1570, 'Rdac', 1, NULL, NULL, 'Roodeschool Aardgas Condensaat', '', 0, 1),
(1571, 'Coeta', 1, 52.646416, 6.736787, 'Coevorden Euroterminal Aansluiting', '', 0, 1),
(1574, 'Dbo', 1, NULL, NULL, 'Driebergen-Zeist overloopwissels', '', NULL, 1),
(1577, 'Slcf', 1, NULL, NULL, 'Sloe - Cobelfret', '', NULL, 1),
(1580, 'Sldw', 1, NULL, NULL, 'Sloe - Denenmarkenweg', '', NULL, 1),
(1583, 'Slfw', 1, NULL, NULL, 'Sloe - Frankrijkweg', '', NULL, 1),
(1586, 'Sltf', 1, NULL, NULL, 'Sloe - Thermfos', '', NULL, 1),
(1589, 'Gkgf', 1, NULL, NULL, 'Venlo Tradeport 2', '', NULL, 1),
(1590, 'Bvge', 1, NULL, NULL, 'Beverwijk goederenemplacement', '', NULL, 1),
(1591, 'Mvtlwa', 1, NULL, NULL, 'Maasvlakte Loc Werkplaats Aansluiting', '', NULL, 1),
(1592, 'Mvtlwr', 1, NULL, NULL, 'Maasvlakte Loc Werkplaats Rotterdam', '', NULL, 1),
(1593, 'Gkgoa', 1, NULL, NULL, 'Gekkengraaf Oost Aansluiting', '', NULL, 1),
(1594, 'Gkgwa', 1, NULL, NULL, 'Gekkengraaf West Aansluiting', '', NULL, 1),
(1595, 'Gnvon', 1, NULL, NULL, 'Groningen Vork opstelterrein Noord', '', NULL, 1),
(1596, 'Gnvoz', 1, NULL, NULL, 'Groningen Vork opstelterrein Zuid', '', NULL, 1),
(1597, 'Gstl', 1, NULL, NULL, 'Giessentunnel', '', NULL, 1),
(1598, 'Hgka', 1, NULL, NULL, 'Hoogkerk aansluiting', '', NULL, 1),
(1599, 'Sptl', 1, NULL, NULL, 'Sophiatunnel', '', NULL, 1),
(1600, 'Zlo', 1, NULL, NULL, 'Zwolle Opstel', '', NULL, 1),
(1601, 'Zlrn', 1, NULL, NULL, 'Zwolle Raccordement Noord', '', NULL, 1),
(1602, 'Zlrz', 1, NULL, NULL, 'Zwolle Raccordement Zuid', '', NULL, 1),
(1603, 'Zlwo', 1, NULL, NULL, 'Zwolle West Overloop', '', NULL, 1),
(1604, 'Fout!', 50, NULL, NULL, 'Onbekende locatie', NULL, NULL, 0),
(1605, 'Baselb', 2, 47.56815, 7.6073, 'Basel Bad Bf', NULL, NULL, 1),
(1606, 'Fmz', 2, 50.001117, 8.25872, 'Mainz Hbf', NULL, NULL, 1),
(1607, 'Hrnovt', 1, 53.170071, 6.592202, 'Haren OV Transferium', NULL, NULL, 1),
(1608, 'Ledt', 1, 52.169292, 4.451, 'Leiden Transferium', NULL, NULL, 1),
(1609, 'Hloov', 1, 52.5997328, 4.701298, 'Heiloo OV halte', NULL, NULL, 1),
(1610, 'Acdg', 5, 49.004048, 2.571133, 'Airport Charles de Gaulle', NULL, NULL, 1),
(1611, 'Luik', 3, 50.62436, 5.56648, 'Liège-Guillemins', NULL, NULL, 1),
(1612, 'Bltm', 3, 50.69301, 5.59983, 'Milmort', NULL, NULL, 1),
(1613, 'Bressx', 3, 50.643829, 5.6112542, 'Bressoux', NULL, NULL, 1),
(1614, 'Lsw', 3, 51.143333, 4.068889, 'Sinaai', NULL, NULL, 1);

--
-- Gegevens worden geëxporteerd voor tabel `somda_verk_cats`
--

INSERT INTO `somda_verk_cats` (`verk_catid`, `name`, `code`) VALUES
(1, 'Nederland', 'NL'),
(2, 'Duitsland', 'D'),
(3, 'België', 'B'),
(4, 'Engeland', 'GB'),
(5, 'Frankrijk', 'F'),
(6, 'Zwitserland', 'CH'),
(7, 'Italië', 'I'),
(8, 'Denemarken', 'DK'),
(9, 'Oostenrijk', 'A'),
(10, 'Luxemburg', 'L'),
(11, 'Polen', 'PL'),
(50, 'Vervallen', ''),
(97, 'Metro Rotterdam', ''),
(98, 'Sneltram Utrecht', ''),
(99, 'Speciale codes', '');

--
-- Gegevens worden geëxporteerd voor tabel `somda_vervoerder`
--

INSERT INTO `somda_vervoerder` (`vervoerder_id`, `omschrijving`, `prorail_desc`, `iff_code`) VALUES
(1, 'NSR', 'NSR', 100),
(2, 'Arriva', 'Arriva', 500),
(3, 'Thalys', 'Thalys NL', 300),
(4, 'DB Regio', 'DB Regio', NULL),
(5, 'DB Cargo', 'DB Cargo', NULL),
(6, 'Herik Rail', 'Herik Rail', NULL),
(7, 'DB Regio NRW', 'DB Regionalbahn Westfalen GmbH', NULL),
(8, 'PEG', 'Prignitzer Eisenbahn GmbH (PEG)', NULL),
(9, 'Syntus', 'Syntus', 400),
(10, 'Connexxion', 'Connexxion', 600),
(11, 'Veolia', 'Veolia Transport Ned bv', 700),
(12, 'VSM', 'VSM', NULL),
(13, 'ZLSM', 'ZLSM', NULL),
(14, 'HUSA', 'HUSA', NULL),
(15, 'R4C', 'Rail4Chem Benelux,Rail4Chem GmbH', NULL),
(16, 'ERS', 'ERS', NULL),
(18, 'Lineas', 'Lineas', NULL),
(20, 'SNCF Fret', 'SNCF Fret', 980),
(21, 'Rheincargo', 'Rheincargo', NULL),
(22, 'Captrain Netherlands', 'Captrain Netherlands', NULL),
(23, 'RRF', 'RRF', NULL),
(24, 'Spitzke', 'Spitzke', NULL),
(25, 'VolkerRail', 'VolkerRail', NULL),
(26, 'NedTrain', 'NedTrain', NULL),
(27, 'Eurailscout', 'Eurailscout', NULL),
(28, 'BAM Rail', 'BAM Rail', NULL),
(29, 'Strukton', 'Strukton', NULL),
(31, 'NS International', 'NS International', 200),
(32, 'CTL', 'CTL', NULL),
(33, 'DB Autozug', 'Deutsche Bahn AutoZug GmbH', NULL),
(35, 'ITL Benelux', 'ITL Benelux', NULL),
(36, 'Lloyds', 'Lloyds', NULL),
(37, 'Rurtalbahn', 'Rurtalbahn', NULL),
(38, 'Bentheimer Eisenbahn', 'Bentheimer Eisenbahn', NULL),
(39, 'Shunter', 'Shunter Tractie', NULL),
(40, 'HSA', 'HSA Beheer', NULL),
(42, 'Crossrail', 'Crossrail Benelux', NULL),
(43, 'TX Logistik', 'TX Logistik', NULL),
(45, 'Keolis', 'Keolis', 911),
(46, 'Friese Stoomtrein Maatschappij', 'Friese Stoomtrein Maatschappij', NULL),
(47, 'Kombirail Europe', 'Kombirail Europe', NULL),
(48, 'Rail Transport Service', 'Rail Transport Service', NULL),
(49, 'Continental Rail Service', 'Continental Rail Service', NULL),
(50, 'Locon', 'Locon', 962),
(51, 'Captrain Belgium', 'Captrain Belgium', NULL),
(52, 'HSL Logistik', 'HSL Logistik', NULL),
(53, 'Prorail', 'Prorail', NULL),
(54, 'EETC', 'EETC', 310),
(55, 'NMBS', 'NMBS', 920),
(56, 'Railpro', 'Railpro', NULL),
(57, 'Spoorwegmuseum', 'Spoorwegmuseum', NULL),
(58, 'LTE', 'LTE', NULL),
(59, 'Metrans', 'Metrans', NULL),
(60, 'SBB Cargo', 'SBB Cargo', NULL),
(61, 'Railtraxx', 'Railtraxx', NULL),
(62, 'St. Historisch Dieselmaterieel', 'SHD', NULL),
(63, 'Qbuzz', 'Qbuzz', 750);
